,id,conversation_id,created_at,date,time,timezone,user_id,username,name,place,tweet,mentions,urls,photos,replies_count,retweets_count,likes_count,location,hashtags,link,retweet,quote_url,video,profile_image_url
0,1127948727660961792,1127946700813770752,1557758907000,2019-05-13,21:48:27,WIB,1118865253305999360,xxdhean,BUNDANYA BYOUNGGON ‚òÑ,,"Hari selasa babe YG bikin ""new line up"" gue misuh misuh, mikirin perasaannya gon. Gimana kalo gue ada di keadaan dia yang serba salah kaya raisa gitu. Gue sih hopeless pengen bunuh diri T_T",,[],[],1,0,0,,[],https://twitter.com/xxdhean/status/1127948727660961792,,,0,https://pbs.twimg.com/profile_images/1126983737726554112/hUh8FMF_.jpg
3,1127896201230032896,1127896201230032896,1557746384000,2019-05-13,18:19:44,WIB,80029283,raishaula,Raisha Ula,,"Brgini ternyata rasanya percaya cerita masalah ke 1orang, sampe nangis tapi jawabnya cuma....  ""yah terserah, hidup2 kamu""  Sumpah rasanya pengen bunuh diri tau....",,[],[],1,0,0,,[],https://twitter.com/raishaula/status/1127896201230032896,,,0,https://pbs.twimg.com/profile_images/1105910672494288896/QBKquzDq.jpg
4,1127885187461697537,1127883684994899968,1557743758000,2019-05-13,17:35:58,WIB,710061963175309312,bung_tahu,Look,,Ada ga ya twitternya bili... Pengen bilangin doang bahwa gue ga ngurus dan ga peduli billy mau nikah... Mau mati.... Atau mau bunuh diri... Yg gue tunggu2... Billy jd sampah masyarakat saja karena ga berbakat muncul di tipi,['vivacoid'],[],[],0,0,0,,[],https://twitter.com/Bung_tahu/status/1127885187461697537,,,0,https://pbs.twimg.com/profile_images/1127896513009471489/ah2Xbl68.jpg
5,1127852789374144512,1127852789374144512,1557736034000,2019-05-13,15:27:14,WIB,2791266684,au_ah_elap06,GATAUAH,,"Gw sama kaya ka karin ngerti ttng depresi pas kls 1 smk, sering bngt pengen bunuh diri, serasa ga berguna bngt didunia, terus gw dkt sama Allah dan emng bener gw jadi tenang tapi ttp aja gw butuh orang buat mensupport! Dan sampe skrng blm sempet ke psikologi T_T  https://twitter.com/awkarin/status/1127400518383366144¬†‚Ä¶",,['https://twitter.com/awkarin/status/1127400518383366144'],[],0,0,0,,[],https://twitter.com/AU_AH_ELAP06/status/1127852789374144512,,https://twitter.com/awkarin/status/1127400518383366144,0,https://pbs.twimg.com/profile_images/1122516287639285761/i2hOfWNx.jpg
6,1127793687516336129,1127793687516336129,1557721943000,2019-05-13,11:32:23,WIB,1047208017064689664,askfess,ASKFESS,,#mnfs tb¬≤ pengen bunuh diri,,[],[],25,0,5,,['#mnfs'],https://twitter.com/askfess/status/1127793687516336129,,,0,https://pbs.twimg.com/profile_images/1095868225353478145/OgXxj9gc.png
8,1127613225476820993,1127400518383366144,1557678917000,2019-05-12,23:35:17,WIB,605284665,rindangsaja_,Rindeng,,"aku ga sampe ke titik pengen bunuh diri sih, masih belom siap ngadep Tuhan, dosa masih banyak, tapi stress ama sedih yang dateng gatau waktu itu ganggu banget, literally ga tau waktu, ngerusak aktivitas normal ku banget, ganggu fokus ganggu kuliah ganggu kebahagiaan hidupku.",['awkarin'],[],[],0,0,0,,[],https://twitter.com/rindangsaja_/status/1127613225476820993,,,0,https://pbs.twimg.com/profile_images/1079761073639550978/kjGCBDSc.jpg
10,1127594527408025600,1127594527408025600,1557674459000,2019-05-12,22:20:59,WIB,288576088,sharonsakbana,EstherSharonS,,"Pernah ga sih kamu ngerasain titik dimana kamu pengen bunuh diri, karna ga sanggup lagi sama beban yg udah lama kamu rasainüòä ‚Äî god is my strength and power, gue pun pernah  ngalamin dimana ada dititik down dalam hidup, sedih ? Iya .kecewa? Banget. Depr‚Ä¶  https://lap78.ask.fm/igoto/45DKECPW7B667HQMHN2IG6NMZSATZPYVRTA6LA5SD7SKJPN2ZEY5KMYNNRKMSRRQL6YPKEACI5WD4V27Y4YO4R56M3ZLDERR5QAQFPSOBJRSII6PDGJAKIXVT6MPZSJQQKQI2AIT7PAC7J4NJSCQIQSQ6HDHV4ETYCPE763JWKQ3AY66BFUGXXFF6FPI74NBWJQOCOTOXZF4FMLIAA4EGCHOIHKE6===¬†‚Ä¶",,['https://lap78.ask.fm/igoto/45DKECPW7B667HQMHN2IG6NMZSATZPYVRTA6LA5SD7SKJPN2ZEY5KMYNNRKMSRRQL6YPKEACI5WD4V27Y4YO4R56M3ZLDERR5QAQFPSOBJRSII6PDGJAKIXVT6MPZSJQQKQI2AIT7PAC7J4NJSCQIQSQ6HDHV4ETYCPE763JWKQ3AY66BFUGXXFF6FPI74NBWJQOCOTOXZF4FMLIAA4EGCHOIHKE6==='],[],0,0,0,,[],https://twitter.com/SharonSakbana/status/1127594527408025600,,,0,https://pbs.twimg.com/profile_images/1077972091155013632/YnD88gzL.jpg
11,1127567707514105856,1127567707514105856,1557668065000,2019-05-12,20:34:25,WIB,1120981722,ethaeraltae,manda,,pengen mati tp bunuh diri dosa gmn y,,[],[],0,0,0,,[],https://twitter.com/ethaeraltae/status/1127567707514105856,,,0,https://pbs.twimg.com/profile_images/1122178981464166401/OfwmHseG.jpg
12,1127550131128037376,1127550131128037376,1557663874000,2019-05-12,19:24:34,WIB,321385800,jxxttxx,joetta,,Pengen mati tapi ga pengen bunuh diri,,[],[],0,0,0,,[],https://twitter.com/jxxttxx/status/1127550131128037376,,,0,https://pbs.twimg.com/profile_images/1126952149085114368/gpbDh08n.jpg
15,1127499118224396289,1127482337669738496,1557651712000,2019-05-12,16:01:52,WIB,1120362903968686081,romy59555483,romy,,Pengen bilang bunuh diri tapi nanti psti dikecam orang2 pengamat sosial :(,['fanbasebokep2'],[],[],0,0,0,,[],https://twitter.com/romy59555483/status/1127499118224396289,,,0,https://pbs.twimg.com/profile_images/1123972503423074307/ox-L0Dw0.jpg
18,1127460293641039873,1127460293641039873,1557642455000,2019-05-12,13:27:35,WIB,947895936,astapram,asta,,"Ketika ditanya dokter pernah pengen bunuh diri apa engga krn hasil test psikolog uwe kek gt. Gw jawab engga lah. Ngga sama sekali. Ternyata.... Hal itu baru kerasa akhir-akhir ini :""",,[],[],0,0,0,,[],https://twitter.com/astapram/status/1127460293641039873,,,0,https://pbs.twimg.com/profile_images/984592173071872000/B4RmI9fB.jpg
19,1127447502859333633,1127447502859333633,1557639406000,2019-05-12,12:36:46,WIB,812494810732892160,myjunghope0218,Ï†úÏù¥Ìôâ,,"Kadang gw takut bakalan milih jalan yg sempit. Milih bunuh diri gw sendiri. Gw pengen keluar dari neraka ini, gw pengen mati sumpah. Rasa itu makin besar tiap harinya, ketakutan gw rasanya ga bisa disembuhin. Gw bahkan udah ga bisa nangis lagi. Hidup gw ga normal sprt org lain",,[],[],0,0,0,,[],https://twitter.com/MyJungHope0218/status/1127447502859333633,,,0,https://pbs.twimg.com/profile_images/1127452174609408000/lLs3JRPs.jpg
20,1127370041995870209,1127370041995870209,1557620938000,2019-05-12,07:28:58,WIB,1100648616165728256,adevania_,gatau,,Aku kadang kadang pengen bunuh diri tapi takut hahaha,,[],[],0,0,0,,[],https://twitter.com/adevania_/status/1127370041995870209,,,0,https://pbs.twimg.com/profile_images/1125478857413259264/6EQuTORY.jpg
21,1127364595432263680,1127364595432263680,1557619639000,2019-05-12,07:07:19,WIB,2934348458,rikaputrinadi,rika,,"Gimana perasaan kamu kalo kamu lagi berjuang mati""an buat someone tapi kenyataannya someone itu gak peduli dan malah berjuan‚Ä¶ ‚Äî pas di fase itu sedih sih, rasanya pengen bunuh diri sumpah, cuma setelah melewati itu alhamdulillah jd lebih menghargai dir‚Ä¶  https://lap78.ask.fm/igoto/45DKECPW7B667HQMHN2IG6NM5WADNLAKS7TPNAN6D7XKZ252ZE3MWCKQPYKYWBDHCX3OGFYEI5XTWVCQRNY3MIHVG3ZLPHALUINABE26A47SEMOPDGKTWP7HV2UOVVKJSC5MUAA63DFXPNU4CCCQER3C4DMGZY4UZ7MV5ZT5RSWKKZ7RJZ2HRX6H45LL357TQ4VL4W25UV55TVSDIR6WWK7OOKKCUPR5SZ4ZQ53EZ2GQ====¬†‚Ä¶",,['https://lap78.ask.fm/igoto/45DKECPW7B667HQMHN2IG6NM5WADNLAKS7TPNAN6D7XKZ252ZE3MWCKQPYKYWBDHCX3OGFYEI5XTWVCQRNY3MIHVG3ZLPHALUINABE26A47SEMOPDGKTWP7HV2UOVVKJSC5MUAA63DFXPNU4CCCQER3C4DMGZY4UZ7MV5ZT5RSWKKZ7RJZ2HRX6H45LL357TQ4VL4W25UV55TVSDIR6WWK7OOKKCUPR5SZ4ZQ53EZ2GQ===='],[],0,0,0,,[],https://twitter.com/rikaputrinadi/status/1127364595432263680,,,0,https://pbs.twimg.com/profile_images/1126711172713963521/KGjt1vk1.jpg
22,1127339223697125376,1127338895643779073,1557613590000,2019-05-12,05:26:30,WIB,1101413352146853888,enasjohnny95,Plustor Pronpiphat #ENASWITCH,,Kl ga salah gambaran buat org yg depressi/pengen bunuh diri sih.  Cmiw,['yaoisociety'],[],[],2,0,0,,[],https://twitter.com/ENASJOHNNY95/status/1127339223697125376,,,0,https://pbs.twimg.com/profile_images/1127733246626648064/pP1w403Q.jpg
23,1127316007423336448,1127314259598139392,1557608055000,2019-05-12,03:54:15,WIB,117685474,nanuwisnu,Nganu,,Eh dia udah ada yang punya.. Rasanya tuh pengen bunuh diri..  #PantunSabun,['shitlicious'],[],[],0,2,1,,['#pantunsabun'],https://twitter.com/NanuWisnu/status/1127316007423336448,,,0,https://pbs.twimg.com/profile_images/573283025015853056/8ugWZIJN.jpeg
25,1127218103014703106,1127216938856304641,1557584713000,2019-05-11,21:25:13,WIB,1114823115282903041,annsadm_,Cheese,,Akhir tahun 2017 - pertengahan tahun 2018. Udh kaya gaada harapan hidup jir tp ya gasampe pengen bunuh diri jg :3,['askmenfess'],[],[],0,0,0,,[],https://twitter.com/annsadm_/status/1127218103014703106,,,0,https://pbs.twimg.com/profile_images/1114823243435728896/jTKrtG2u.jpg
26,1127199395760431104,1127199395760431104,1557580252000,2019-05-11,20:10:52,WIB,578003661,zessyzeee,Ze,,pengen bunuh diri tp tkt jadi kunti gara2 #jurnalrisa,,[],[],2,0,0,,['#jurnalrisa'],https://twitter.com/Zessyzeee/status/1127199395760431104,,,0,https://pbs.twimg.com/profile_images/1117880392944472066/HzWiDpMR.jpg
29,1126909728766824448,1126909728766824448,1557511190000,2019-05-11,00:59:50,WIB,1047794857249390592,sall36909996,salsky,,Pengen bunuh diri di egomu yang tinggi itu.,,[],[],0,0,1,,[],https://twitter.com/Sall36909996/status/1126909728766824448,,,0,https://pbs.twimg.com/profile_images/1127447714579402753/IxBAG0nG.jpg
32,1126889395364212736,1126889395364212736,1557506343000,2019-05-10,23:39:03,WIB,2238532352,annisarm23,nisabyan,,"aku pengen bunuh diri. karna udah cape makan ati karna ortu ku. gimana ya caranya?aku takut tp aku cape kek gini terus:( ‚Äî Mendekatkan diri ke Tuhan zeyeng, dan buka mata km, masih banyak diluar sana yg sayang km yg pastinya bisa ngeluarin km dari zona ‚Ä¶  https://lap78.ask.fm/igoto/45DKECPW7B667HQMHN2IG6NM32DTHJAJQPZ5NAF5BH7KZPN2ZEY5KMYNNRKMSRRWKOZ72FQFJNSTYVS7Y4YO4R56M3ZLDERR5QAQFPSOBJRSII6PDGJAKIXVT6MPZSJQQKQI2AIT7PAC7NMLIOPBQTLCYLCXLZUJZCPE763JWKQ3AY66BFUGXXFF6FPI74NBWJQOCOTOXZF4FMLIAA4EGCHOIHKE6===¬†‚Ä¶",,['https://lap78.ask.fm/igoto/45DKECPW7B667HQMHN2IG6NM32DTHJAJQPZ5NAF5BH7KZPN2ZEY5KMYNNRKMSRRWKOZ72FQFJNSTYVS7Y4YO4R56M3ZLDERR5QAQFPSOBJRSII6PDGJAKIXVT6MPZSJQQKQI2AIT7PAC7NMLIOPBQTLCYLCXLZUJZCPE763JWKQ3AY66BFUGXXFF6FPI74NBWJQOCOTOXZF4FMLIAA4EGCHOIHKE6==='],[],0,0,0,,[],https://twitter.com/annisarm23/status/1126889395364212736,,,0,https://pbs.twimg.com/profile_images/1104254835581304832/t-jnldxA.jpg
33,1126886051543339008,1126886051543339008,1557505545000,2019-05-10,23:25:45,WIB,1118530253507325952,chocolateitem,„É≥,,"Disitu aku pengen banget marah. Aku kecewa banget, bahkan chat pacarku sampai ga ku bales. Aku sama sekali gatau harus ngomong apa. Seharusnya aku maki maki dia, tapi gabisa. Yg aku pikirin, aku gamau dia tambah menyesal dan malah bunuh diri. Kasian ortunya dia anak tunggal",,[],[],0,0,0,,[],https://twitter.com/chocolateitem/status/1126886051543339008,,,0,https://pbs.twimg.com/profile_images/1126513250240098305/6lani7vb.jpg
40,1126619281578270720,1126619281578270720,1557441942000,2019-05-10,05:45:42,WIB,1125298061696126976,bisangeluh,hamdalah masih bisa ngeluh,,Cape gak sih... mgerasa cape sama dunia yang gak berarah ke aku. Pengen matihaha. Ada yg pernah nyobain bunuh diri?,,[],[],0,0,0,,[],https://twitter.com/BisaNgeluh/status/1126619281578270720,,,0,https://pbs.twimg.com/profile_images/1125767486924705793/YKlBt1cE.jpg
42,1126603728281202688,1126603728281202688,1557438234000,2019-05-10,04:43:54,WIB,1085637822772461568,fatmajulian28,cewebete,,stress banget jadi gue .. yg apa apa selalu serba salah ..  pengen bunuh diri aja rasanya ..,,[],[],1,0,0,,[],https://twitter.com/fatmajulian28/status/1126603728281202688,,,0,https://pbs.twimg.com/profile_images/1113470304041308160/hIc3cj_T.jpg
46,1126467290633891841,1126467290633891841,1557405705000,2019-05-09,19:41:45,WIB,1168763186,tyasalah,Ningtyas Pratama A,,"Baru sibuk cari uang dan kemarin ngurusin tunangan aja udah pengen marah-marah sendiri karena dilupain adik paling kecil. udah ga pernah tlpn, ga pernah vc, ga pernah mau ngobrol.  kebayang kalau udah menikah- punya anak- lalu sibuk cari uang- dan d lupakan.  bunuh diri gitu ü§ó",,[],[],0,0,1,,[],https://twitter.com/tyasalah/status/1126467290633891841,,,0,https://pbs.twimg.com/profile_images/1115594559969300480/c46KQ7Re.jpg
49,1126331422162214912,1126331422162214912,1557373311000,2019-05-09,10:41:51,WIB,1563774901,calystacfa,Calysta Febry Arindhita,,Ga ada yang bisa jadi pendengar yang baik gimana dong ? Malah selalu di pandang sebelah mata terus ;). Wajarkan kalo pengen bunuh diri ? ‚Äî Gunanya bunuh diri apa?  https://lap78.ask.fm/igoto/45DKECPW7B667HQMHN2IG6NM3SEDDNAJS3Z4PLURKHV2XYNMYIYNC6KOFJH4ARBRKW2PYEAFI5RH6FIN5U36Y3N7NLRP5BJDRYDB3ACPA5OSKKOPAWFDIEXDQPQ65U3XQOW24CSL7LMH5DMWLGLCQ2SCW3MGZ7FCYLMVP73FQSS36M63AFPHVAOEVEDIZQPAQEQIIEKBXBIMVF2DIR6Q====¬†‚Ä¶,,['https://lap78.ask.fm/igoto/45DKECPW7B667HQMHN2IG6NM3SEDDNAJS3Z4PLURKHV2XYNMYIYNC6KOFJH4ARBRKW2PYEAFI5RH6FIN5U36Y3N7NLRP5BJDRYDB3ACPA5OSKKOPAWFDIEXDQPQ65U3XQOW24CSL7LMH5DMWLGLCQ2SCW3MGZ7FCYLMVP73FQSS36M63AFPHVAOEVEDIZQPAQEQIIEKBXBIMVF2DIR6Q===='],[],0,0,0,,[],https://twitter.com/CalystaCFA/status/1126331422162214912,,,0,https://pbs.twimg.com/profile_images/1087017778085715968/WT17Bto5.jpg
50,1126283691519401984,1126283691519401984,1557361932000,2019-05-09,07:32:12,WIB,1118542255474655232,gigil_a,GIGI,,"Kalo lagi kaya gini. Bawaannya pengen minggat, atau engga bunuh diri sekalian. Biar ema gw ga ada beban lagi",,[],[],0,0,0,,[],https://twitter.com/GigiL_a/status/1126283691519401984,,,0,https://pbs.twimg.com/profile_images/1121427409322909697/ufiv1K1D.jpg
51,1126267145963196422,1126260505503420416,1557357987000,2019-05-09,06:26:27,WIB,1089404981512269826,etrex102,Rendy Pandega,,Pengen bunuh diri tapi auto surga bisa gak ya,['bellatrix_lees'],[],[],0,0,0,,[],https://twitter.com/etrex102/status/1126267145963196422,,,0,https://pbs.twimg.com/profile_images/1119430481651490816/mUA8llMG.jpg
52,1126242905033728000,1126242905033728000,1557352207000,2019-05-09,04:50:07,WIB,91541358,termicin,An Alien,,"Gua punya bipolar, kadang bisa seneng banget kadang bisa sedih banget dan kalo udah down banget pengen bunuh diri aja rasa please someone help me:( ‚Äî Alangkah baiknya jika konsultasi pada profesional.  https://lap78.ask.fm/igoto/45DKECPW7B667HQMHN2IG6NM32ODDPQ7QH66VDFTC7S3BYPUYYWNCII2NUENOQRXKS67UEAGIRXD6WKURUY7O5MSPLULNAZXWREADFTCCFVDONHVGWHDKEXNQ2U4FWTE265YIEQE3T5WXSNELCNRQSLA77BXZ4UUZ3GUTKLRTGXY43OPAVYW3W775IFKL3WNTB7IYSYZSBRN3CTSHU5V4GPIPCFSEZDF¬†‚Ä¶",,['https://lap78.ask.fm/igoto/45DKECPW7B667HQMHN2IG6NM32ODDPQ7QH66VDFTC7S3BYPUYYWNCII2NUENOQRXKS67UEAGIRXD6WKURUY7O5MSPLULNAZXWREADFTCCFVDONHVGWHDKEXNQ2U4FWTE265YIEQE3T5WXSNELCNRQSLA77BXZ4UUZ3GUTKLRTGXY43OPAVYW3W775IFKL3WNTB7IYSYZSBRN3CTSHU5V4GPIPCFSEZDF'],[],0,0,0,,[],https://twitter.com/termicin/status/1126242905033728000,,,0,https://pbs.twimg.com/profile_images/1125516563614842880/DrX4Roht.jpg
53,1126240434378776576,1126240434378776576,1557351618000,2019-05-09,04:40:18,WIB,927191590245773313,khalidpappi,khal,,"pengen bunuh diri, tapi takut kangen kamu",,[],[],2,0,0,,[],https://twitter.com/khalidpappi/status/1126240434378776576,,,0,https://pbs.twimg.com/profile_images/1127939827742023680/_YmLDCQB.jpg
56,1126136979219812352,1126136979219812352,1557326953000,2019-05-08,21:49:13,WIB,922192084768931840,brownhydrangea,Muhammad Taqiyuddien,,rasa pengen bunuh diri gua muncul lagi anjing,,[],[],1,0,0,,[],https://twitter.com/brownhydrangea/status/1126136979219812352,,,0,https://pbs.twimg.com/profile_images/922196605620457472/_ll98KAo.jpg
59,1126073333504569344,1126073333504569344,1557311778000,2019-05-08,17:36:18,WIB,1016955089850732544,chatime_pearl,mondays,,Punya bos begini bikin pengen bunuh diri,,[],[],1,0,1,,[],https://twitter.com/chatime_pearl/status/1126073333504569344,,,0,https://pbs.twimg.com/profile_images/1127932524770914304/LkpvzfK4.jpg
