,Unnamed: 0,id,conversation_id,created_at,date,time,timezone,user_id,username,name,place,tweet,mentions,urls,photos,replies_count,retweets_count,likes_count,location,hashtags,link,retweet,quote_url,video,profile_image_url
0,1.0,1127935635400957954,1127935635400957954,1557755786000,2019-05-13,20:56:26,WIB,2262992802,mirza_husainiy,Mirza Quanta Ahady H,,Disadari atau tidak Kadang apa yg kita lihat sebagai ‚Äúkerusakan‚Äù / penyimpangan itu sebenarnya karena ulah kita sendiri  Kita boleh sedih sampe pengen bunuh diri Apa dengan gitu selesai?  Bangkit lah Itu hanya sebagian kecil kehidupan Yo ngono kui urip üòÖ seru kan?,,[],[],0,0,0,,[],https://twitter.com/mirza_husainiy/status/1127935635400957954,,,0,https://pbs.twimg.com/profile_images/896707936008810496/axlDn_bp.jpg
1,2.0,1127933327736881152,1127926425296617472,1557755235000,2019-05-13,20:47:15,WIB,839082153677725697,lvlia00, ö  ü…™·¥Ä …û,,Huhu berasa liat orang diputusin pacar lewat telfon terus pengen bunuh diri aja rasanya. Acting nya bagus üëèüëè  pic.twitter.com/eR3YQnXrRO,,[],['https://pbs.twimg.com/media/D6c5YDlU0AA9ont.jpg'],1,0,0,,[],https://twitter.com/LVLIA00/status/1127933327736881152,,,0,https://pbs.twimg.com/profile_images/1124230039678021633/_dRnoVSf.jpg
2,7.0,1127650851529453568,1127648432976326657,1557687888000,2019-05-13,02:04:48,WIB,1052774662801784832,yeacryn,obyn #MILLARDALEBACK #ADVISBACK,,"jangan pernah menyerah yaaahh, sekalipun km bunuh diri yang rugi dikamu jugaaa:) hilangin pikiran itu okeee, banyak yg sayang sama kamu banyak yang masih pengen lihat kamu. jangan pernah menyeraaah, ingat banyak orang yg pengen melanjutkan hidup! semangaaat!!!",['rpautobase'],[],[],0,0,0,,[],https://twitter.com/yeacryn/status/1127650851529453568,,,0,https://pbs.twimg.com/profile_images/1127841278299762689/WuaYEFfS.jpg
3,24.0,1127262863112974338,1127210272848891905,1557595384000,2019-05-12,00:23:04,WIB,967450696692899840,sszc_01,Zasvicha,,Pasti sudah ga bisa tidur tuh anak.. semoga aja ga bunuh diri. Pengen tau ketika di tangkap nnt,"['hana_4taa', 'sirodjudin01', 'rizmawidiono', 'guecebongs', '4y4nkz', '_______b1g__k4y', 'ariantobulolo', 'badjanuswantara', 'nanedianti', '99armyk', 'alin7_11', 'andyarch77', 'darmogaty', 'anto_winarno']",[],[],5,3,16,,[],https://twitter.com/SSZC_01/status/1127262863112974338,,,0,https://pbs.twimg.com/profile_images/1046423512347340800/Y1Esmd01.jpg
4,31.0,1126894271368314882,1126867496454082560,1557507505000,2019-05-10,23:58:25,WIB,3396925817,ayukurniasihh,üç©üç´üçûüçîüçóüçúüå≠üç¶üç®üç∑üç∂‚òï,,jare pengen bunuh diri,['skkkrrrrttt'],[],[],1,0,0,,[],https://twitter.com/ayukurniasihh/status/1126894271368314882,,,0,https://pbs.twimg.com/profile_images/1126065348715765760/Bpurh_pM.jpg
5,35.0,1126857941947015168,1126850745376972800,1557498844000,2019-05-10,21:34:04,WIB,1048593887281868802,thegr8tasha,laf,,"inget amal, amal ga seberapa aja sok2an pengen bunuh diri",['tanya2rl'],[],[],0,0,0,,[],https://twitter.com/thegr8tasha/status/1126857941947015168,,,0,https://pbs.twimg.com/profile_images/1126879281177489408/EZjUh5MW.jpg
6,36.0,1126848615287144448,1126848003048857600,1557496620000,2019-05-10,20:57:00,WIB,1034118334889902083,emsubhann_,Subhan,,Kon frustasi atau pengen bunuh diri monggo,['dikars_'],[],[],1,0,0,,[],https://twitter.com/emsubhann_/status/1126848615287144448,,,0,https://pbs.twimg.com/profile_images/1042056863645233152/2-SyujcF.jpg
7,39.0,1126670738734194688,1126670738734194688,1557454211000,2019-05-10,09:10:11,WIB,2652907023,pathingy,/pat - PENGGANTI RLTHINGY - CEK PINNED,,/pat temenku gatau knp tiap lagi ngobrol sering nyinggung2 dia pengen bunuh diri. Itu dia beneran atau ga sih? Klo aku liat dia baik2 aja. Tapi kenapa sering ngomong dia pengen bunuh diri ya??,,[],[],15,0,0,,[],https://twitter.com/pathingy/status/1126670738734194688,,,0,https://pbs.twimg.com/profile_images/1119229930028404736/uTaf5QV_.jpg
8,41.0,1126616157358714880,1126471768841932800,1557441198000,2019-05-10,05:33:18,WIB,1017939924,aadhmusic_dadan,Dadan Hamdani,,"tangkap..  jgn pernah diliput media,pengen terkenal dgn cara bunuh diri.kaya pelaku BOM saja nih org dah gelap mata tuk raih tujuan .inget ye  ..surat alfathir ayat 43 Rencana jahat takan menimpa kecuali yg mrncanakanya sendiri","['jayabay19479190', 'hanjenif']",[],[],0,0,0,,[],https://twitter.com/aadhmusic_dadan/status/1126616157358714880,,,0,https://pbs.twimg.com/profile_images/1124274659262746624/oszeFUoS.jpg
9,43.0,1126523846599663617,1126523846599663617,1557419189000,2019-05-09,23:26:29,WIB,3018192458,yippietaetae,Nom Nom üêæ,,Pas liat taehyung rambut item itu serasa pengen bunuh diri di tol layang. Terlalu ganteng anjir. Rahim gua bergetar cuy T~T Buat Taehyung @BTS_twt jangan ganteng ganteng mas diriku gakuad :(,['bts_twt'],[],[],0,0,0,,[],https://twitter.com/Yippietaetae/status/1126523846599663617,,,0,https://pbs.twimg.com/profile_images/1126363778444959744/fKgrL5Rx.jpg
10,44.0,1126512444673646594,1126510160581541896,1557416471000,2019-05-09,22:41:11,WIB,1073264596708818944,yournicxrn,milo,,"km bahagia. sedikit2 bangkit yah nder, aku yakin km bisa. aku bisaa bangkit dr yg aku pengen banget mati bunuh diri kmaren gasemangat ngapa2in tp skrg aku bahagia bgt. suatu saat pasti km bakal nemuin hal baik dr knp km dijauhin dr dia, smg km bahagia trs yaa nder",['askfess'],[],[],1,0,0,,[],https://twitter.com/yournicxrn/status/1126512444673646594,,,0,https://pbs.twimg.com/profile_images/1127747850031357953/IpMu3G6L.jpg
11,45.0,1126488475962728448,1124998602059702272,1557410756000,2019-05-09,21:05:56,WIB,1092588173450870784,rahasiaillahi01,Abdullah,,"Mabuk agama itu kayak gimana sob? Coba saya pengen tau? Nanti saya intropeksi diri. klo memang saya mabuk agama, yaudah sini bunuh saya..",['marnombois'],[],[],0,0,0,,[],https://twitter.com/rahasiaillahi01/status/1126488475962728448,,,0,https://pbs.twimg.com/profile_images/1111404343649984513/DPWIiDte.jpg
12,47.0,1126438515812622336,1126408706390757376,1557398845000,2019-05-09,17:47:25,WIB,1106173679036035074,weje09667293,Weje,,Ga jadi pengen bunuh diri dunk !!!,['kompascom'],[],[],0,0,0,,[],https://twitter.com/Weje09667293/status/1126438515812622336,,,0,https://pbs.twimg.com/profile_images/1106176391916150785/ZUBsYRXo.jpg
13,48.0,1126354951855165440,1126354951855165440,1557378921000,2019-05-09,12:15:21,WIB,4683083358,atiendhie88,dhie8899,,"Jaman sekarang teroris kejahatanya bukan meneror kaya bom bunuh diri,  tapi bawa kabur lembar c1. Pengen ketawa takut lemes,  habis cairan üòÇüòÇ #KamiBersamaFPI pic.twitter.com/9H6HOk8OWH",,[],['https://pbs.twimg.com/media/D6Gd2f2UUAAd2y-.jpg'],0,0,1,,['#kamibersamafpi'],https://twitter.com/atiendhie88/status/1126354951855165440,,,0,https://pbs.twimg.com/profile_images/1126005576255721473/JFoEjuKP.jpg
14,57.0,1126117061116088321,1126117061116088321,1557322204000,2019-05-08,20:30:04,WIB,465375962,mh_muhammadhady,MHady,,""" seorang pemuda nekad melakukan aksi bunuh diri karna pengen cpat2 masuk surga""",,[],[],0,0,0,,[],https://twitter.com/MH_MuhammadHady/status/1126117061116088321,,,0,https://pbs.twimg.com/profile_images/931238840236261376/ntdQFNF3.jpg
15,58.0,1126111322184142848,1126105811858518018,1557320836000,2019-05-08,20:07:16,WIB,1117643106340311041,keyathenaa,dramaqueen.,,Pengen bunuh orang yg gatau diri,['tanya2rl'],[],[],0,0,0,,[],https://twitter.com/keyathenaa/status/1126111322184142848,,,0,https://pbs.twimg.com/profile_images/1127009928906805248/6f9tVbs1.jpg
16,12.0,1125405735473385474,1125402131106680832,1557152611000,2019-05-06,21:23:31,WIB,156190561,oustypaskalis,Ousty Paskalis,,"Hahaha sbnrnya gue udh pengen nonton dari lama, kirain serem, ternyata sedihüò≠ anaknya yg mati lucu bgt juga, MonüôÉ  Nggak sabar gue sama part II, masih penasarannnüòÖ",['tiomonick'],[],[],1,0,0,,[],https://twitter.com/oustypaskalis/status/1125405735473385474,,,0,https://pbs.twimg.com/profile_images/1102431100079501312/7dpre-aq.jpg
17,13.0,1125348717786058752,1125323896813547521,1557139016000,2019-05-06,17:36:56,WIB,1125347056619409408,bb069,üê∂,,Kenapa pengen #GalaxyM10 karena pengen ganti  hp kakkk:(((((((( hp ku kadang suka ngelag dan suka mati ngedadak huhu sedih kannnnnnnnnüò≠  Semoga semoga menangg karna #GalaxyM10 adalah takdirku hahaüòÇ #sobatantilowbat #debrigiveaway,['debrisumule'],[],[],0,0,0,,"['#galaxym10', '#galaxym10', '#sobatantilowbat', '#debrigiveaway']",https://twitter.com/Bb069/status/1125348717786058752,,,0,https://pbs.twimg.com/profile_images/1125347166782779394/ezCcR5jU.jpg
18,18.0,1124140253193748480,1124140253193748480,1556850896000,2019-05-03,09:34:56,WIB,948160260966985730,amorfati_787,D!t üåπ,,"Aku tadinya mati matian gak mau mereka pisah pokoknya tetep harus sama sama terus. Tapi kalau dipikir lagi itu egois banget. Mereka tetep berusaha biar fans gak sedih tapi disatu sisi aku tau mereka pengen coba jalan baru. Apapun itu, I will always support you my girls! ‚ù§",,[],[],0,0,0,,[],https://twitter.com/AmorFati_787/status/1124140253193748480,,,0,https://pbs.twimg.com/profile_images/1127541806890012672/RJ3kaJug.jpg
19,19.0,1124109680421163008,1124109680421163008,1556843607000,2019-05-03,07:33:27,WIB,1053908921423880192,dindarsb,dindarsb,,"kesel tingkat dewa zeus, adalah ketika : nonton bioskop, pas lagi jalan dari lobby ke studio ketemu orang yg baru kelar nonton. ""eh sedih ya, iron man nya mati""   walah gustiiiii pengen tak suek suek tiketku :((",,[],[],0,0,0,,[],https://twitter.com/dindarsb/status/1124109680421163008,,,0,https://pbs.twimg.com/profile_images/1125668181710737408/jTe5EIGC.jpg
20,25.0,1122114706309672961,1122114706309672961,1556367968000,2019-04-27,19:26:08,WIB,106753829,icansitumorang,ican situmorang,,Pengen bilang sedih kali karena ironman mati tapi ga dibolehin spoiler hmm,,[],[],0,0,0,,[],https://twitter.com/icansitumorang/status/1122114706309672961,,,0,https://pbs.twimg.com/profile_images/1072570265836707843/9_wYyi9y.jpg
21,26.0,1122004364103520257,1122004364103520257,1556341660000,2019-04-27,12:07:40,WIB,44561934,nonamaya222,Ms. Totoro - IG @lemaricoklatua,,"Nonton #Possessed di Nexflix itu: Eps 1-13 : gemes, gregetan, takut Eps 13-15: sedih, pen nangis, emosik, hasrat pengen banting galon aqua meningkat krn udah pd mati satu2 Eps 16 : pen niban writernim nya pake kulkas 2 pintu. SUMFEH ENDING MACAM APA ITUUU HAH HAH HAH?! ü§¨ü§¨",,[],[],1,1,1,,['#possessed'],https://twitter.com/NonaMaya222/status/1122004364103520257,,,0,https://pbs.twimg.com/profile_images/1106991602604470272/YCVBEY0w.jpg
22,27.0,1121961286206545921,1121961286206545921,1556331390000,2019-04-27,09:16:30,WIB,41001117,akundugong,ü§Ø,,"Ya di endgame memang ada yg mati.. tapi ku ga sedih sampe bikin pengen nangess.. kerna.. kerna..  film superhero sangat tidak relatable di kehidupan nyata, hhh gimana gue bisa sedih..",,[],[],2,0,0,,[],https://twitter.com/akundugong/status/1121961286206545921,,,0,https://pbs.twimg.com/profile_images/1127774925853323264/i2NLiewB.jpg
23,28.0,1121515244893786112,1121515244893786112,1556225045000,2019-04-26,03:44:05,WIB,1121185201,sifaaaw,Sifa,,"tuh kan, liat tokoh2 avengers katanya mati trus bikin sedih, gue jadi malah pengen nonton",,[],[],0,0,0,,[],https://twitter.com/SifaaAw/status/1121515244893786112,,,0,https://pbs.twimg.com/profile_images/1093957297947140097/J-7lUppP.jpg
24,29.0,1121406367326072832,1121364201665024000,1556199087000,2019-04-25,20:31:27,WIB,1655544312,okkyhelja,okky helja octora syahida rahman,,Iron man juga idolaku mbaaaak. Sedih banget pas mati üò´. Rasane pengen melu layat. Pahlawan sejati,"['wulandarimarta', 'yossiearliando']",[],[],1,0,1,,[],https://twitter.com/OkkyHelja/status/1121406367326072832,,,0,https://pbs.twimg.com/profile_images/1126624120588759040/q2vMlMbF.jpg
25,30.0,1121079222594723841,1121079222594723841,1556121089000,2019-04-24,22:51:29,WIB,240954932,aloysrag,Aloysius Ragil,,"Gw: eh tong gw lagi sedih banget, rasanya pengen mati.  Temen: iya nih sama.  Kelarrr, gitu aja  hidup gak ada yg supportnya.  #awreceh #recehkantwiter #twitterreceh #kegoblokanyangunfaedah",,[],[],0,2,9,,"['#awreceh', '#recehkantwiter', '#twitterreceh', '#kegoblokanyangunfaedah']",https://twitter.com/aloysrag/status/1121079222594723841,,,0,https://pbs.twimg.com/profile_images/1108769900229586944/2GECOO41.jpg
26,31.0,1120985277122498565,1120984401179865089,1556098691000,2019-04-24,16:38:11,WIB,982041673,mhdrohman10,Muhammad Rohman,,"Terus td ceritanya emaknya dtg tuh, liat anaknya mati kyk minta tolong gitu dia sama gua, mngkn dia kalo manusia pengen ngmng ""tolong dong, anak saya kenapa"" dia sambil natap gua terus sambil meong2 gt, sedih lah tokay bgt itu kucing garong.",,[],[],1,0,0,,[],https://twitter.com/mhdrohman10/status/1120985277122498565,,,0,https://pbs.twimg.com/profile_images/1119587404958986240/ZmYOEIKA.jpg
27,32.0,1120720457777340417,1120720457777340417,1556035553000,2019-04-23,23:05:53,WIB,739351959577071616,rizalzulkrnain,Anda sendiri yang,,Sedih denger berita di tv ada KPPS skitar 103 orng yg meninggal akibat kelalahan.  Gw dlam hati pengen gitu dnger kabar NETIZEN MATI AKIBAT KELELAHAN NGEEBACOOT tntng pilpres.  Kalo udah nyoblos yaa udaah. Kmu kira bacotmu di sosmed bisa ngubah nasib negara ? Goooblwuok.,,[],[],3,0,20,,[],https://twitter.com/rizalzulkrnain/status/1120720457777340417,,,0,https://pbs.twimg.com/profile_images/1114857648673832961/1Z_PBOY1.jpg
28,34.0,1120346045181915136,1120346045181915136,1555946286000,2019-04-22,22:18:06,WIB,192453325,nbllaervn,‚ùÑ,,"Abis baca tweet orang ttg rokok. Membahas soal rokok.. Kenapa gw tbtb ngerasa sedih banget pas tau dia udah jadi perokok aktif ya? Dia dulu mati-matian loh nolak rokok, sampe bela-belain beli vape harga jutaan demi pengen ngebul tapi tida dgn udut. Terus pas kemarin main..",,[],[],1,0,0,,[],https://twitter.com/nbllaervn/status/1120346045181915136,,,0,https://pbs.twimg.com/profile_images/1111312776876556288/Iwo95iEE.jpg
29,38.0,1118897219833196549,1118897219833196549,1555600859000,2019-04-18,22:20:59,WIB,383184092,helloerda,Erda,,"morron bisa bunuh diri ga sih? risih, pengen ngeliat mereka mati sedih akan kegoblokanya.",,[],[],0,0,0,,[],https://twitter.com/HelloErda/status/1118897219833196549,,,0,https://pbs.twimg.com/profile_images/1076800054088818688/vO2DMhNG.jpg
30,41.0,1118177510590533638,1118136422735785984,1555429267000,2019-04-16,22:41:07,WIB,488247892,blockatyou,eh kamu,,Tau sendiri jaenap orangnya malu2 anjing ya kan mana berani ngomong... sampe2 dia gantung diri di pohon cabe gara2 prustasi ehhh malah pohon cabenya yang mati *pengen sedih takut dosa akuhh tuh üò≠*,['dwtniaaa'],[],[],1,0,2,,[],https://twitter.com/BlockAtYou/status/1118177510590533638,,,0,https://pbs.twimg.com/profile_images/1122862564457598976/nZNulfC4.jpg
31,47.0,1117717061252202496,1117712107217141760,1555319488000,2019-04-15,16:11:28,WIB,566061314,your_lovetae,sintiaüíö,,"Iya muka bulenya menang banget, posturnya juga pas. Ahh aku sedih kalo inget dia masih 16 tahun..gimana kalo dia udah masuk umur 20an. Mati aku üò≠  Iyasih ga kecolongan, tapi bighit kan niatnya masih pengen nyembunyiin üòÇ",,[],[],1,0,0,,[],https://twitter.com/your_lovetae/status/1117717061252202496,,,0,https://pbs.twimg.com/profile_images/1125394865863315462/3phxnoHx.jpg
32,48.0,1117463608730869765,1117376192070336512,1555259060000,2019-04-14,23:24:20,WIB,970994766,benayasimeon,Naya Simeon,,"Akuuu jugaaaa dapet yg begituaaan..dateng ke site aku, pake baju sobek2, nyeker alias barefoot, foto muke sedih ama hiu mati ü§îü¶à. Trus pasang di social media seeeolaaaah dianyaa pahlawaan. Uda pengen aku lempar pake hiu mati yg gedenya 2 meter.","['rappidroid', 'vidlya']",[],[],2,0,2,,[],https://twitter.com/BenayaSimeon/status/1117463608730869765,,,0,https://pbs.twimg.com/profile_images/815937032677531648/ljtiIbEJ.jpg
33,49.0,1117335250797879297,1117333616449638400,1555228457000,2019-04-14,14:54:17,WIB,1017352300371763200,avg_92yura,ÌòïÏõê,,"ANTARA NGAKAK SAMA SEDIH, NOS. NGAKAKNYA LUCU LIAT BANGSAWAN PADA TUDUH-TUDUHAN, SEDIH SOALNYA BARU NEBAK SPY NYA UDAH MATI AJA WKWKWKüòÇüòÇüòÇ PARAH, EVENT NYA BIKIN DARI LAPER SAMPE PENGEN POOP LAGI, TAPI CUMAN SEBENTAR ASTAGAAAAüòÇüòÇüòÇ",['avgside'],[],[],0,0,0,,[],https://twitter.com/AVG_92Yura/status/1117335250797879297,,,0,https://pbs.twimg.com/profile_images/1127703441294315520/5AQR5KCc.jpg
34,72.0,531345043567546368,531345043567546368,1415517504000,2014-11-09,14:18:24,WIB,68720817,ayukristy,Ayu Kristy,,Mungkin genre nya sedih-sedih mendayu galau pengen mati gitu kali ya. Kan kyu banget itu HAHAHA,,[],[],0,0,0,,[],https://twitter.com/ayukristy/status/531345043567546368,,,0,https://pbs.twimg.com/profile_images/774814894952636416/OzFOiBt8.jpg
35,86.0,424554780669640706,424554780669640706,1390056722000,2014-01-18,21:52:02,WIB,251052931,yhe_fahranie,Yustiana Fahrani .S,,Hahaha emang kalo kalian benci aku terus aku gelo gitu galau gitu sedih gitu pengen mati gitu? SORRY? Hahaha,,[],[],0,0,0,,[],https://twitter.com/yhe_fahranie/status/424554780669640706,,,0,https://pbs.twimg.com/profile_images/537166453300928512/sVgxluGW.jpeg
36,93.0,397730606202617857,397730606202617857,1383661340000,2013-11-05,21:22:20,WIB,1148359183,ewithamasria,Ewitha Siregar,,"Hufff RT @Kepotology: Sedih aja kenapa harus mati lampu sekarang, padahal aku lagi pengen galau yg terang2an. Bukan gelap2an gini",,[],[],0,0,0,,[],https://twitter.com/EwithaMasria/status/397730606202617857,,,0,https://pbs.twimg.com/profile_images/632616533848514560/jaV67Cvx.jpg
37,0.0,1127962753920933888,1127962753920933888,1557762251000,2019-05-13,22:44:11,WIB,458080369,hehenyesek,Hehe Nyesek Ya :'),,"Saat sendiripun aku bisa tersenyum..tapi saat ada kamu, aku merasa lebih bahagia :')",,[],[],0,0,0,,[],https://twitter.com/HeheNyesek/status/1127962753920933888,,,0,https://pbs.twimg.com/profile_images/1110606159990251521/8uLBuQit.jpg
38,1.0,1127962720198729728,1127962720198729728,1557762243000,2019-05-13,22:44:03,WIB,997599688281833473,anluvocean,Caüåä | inactive,,Istirahat dulu biar hatiku bahagia,,[],[],0,0,0,,[],https://twitter.com/anluvocean/status/1127962720198729728,,,0,https://pbs.twimg.com/profile_images/1127184510796218368/0h1FeEt4.jpg
39,4.0,1127962664150257666,1127962664150257666,1557762230000,2019-05-13,22:43:50,WIB,945530387786117120,ftrayprmt44,F A P,,Lagunya Yura yg Harus Bahagia moodbooster banget yak malam ini,,[],[],0,0,0,,[],https://twitter.com/ftrayprmt44/status/1127962664150257666,,,0,https://pbs.twimg.com/profile_images/1120711204064772098/UKYKFEZY.jpg
40,5.0,1127962614015750145,1127962614015750145,1557762218000,2019-05-13,22:43:38,WIB,1123611730242752512,ressaarian1,Re,,"Hati yg patah mata yg basah semua punya hikmah , semoga bahagia selalu üôè",,[],[],0,0,0,,[],https://twitter.com/RessaArian1/status/1127962614015750145,,,0,https://pbs.twimg.com/profile_images/1127961699481374720/NTNhCixQ.jpg
41,6.0,1127962587495145472,1127934111962681344,1557762212000,2019-05-13,22:43:32,WIB,966238876720275457,sleepforgood,alienated.,,"Tiap hari absurd:)  Pas nge mos adek kelas, setelah selesai kan masih stay di sekolah. Pada janjian batalin puasa dan manjat pohon jambu disekolah buat bukaan.  Yang cewe2 ke minimarket beli minuman. Bahagia.",['tanya2rl'],[],[],0,0,0,,[],https://twitter.com/sleepforgood/status/1127962587495145472,,,0,https://pbs.twimg.com/profile_images/1126389901769859073/p_InSv8Z.jpg
42,7.0,1127962556037918721,1127961254956376064,1557762204000,2019-05-13,22:43:24,WIB,60014174,dimazpjunior,Dimas Dimiong,,"Alhamdulillah, semoga bahagia terus sama lancar semua urusannya ya goel",['bagoesindrawan'],[],[],0,0,0,,[],https://twitter.com/DimazPJunior/status/1127962556037918721,,,0,https://pbs.twimg.com/profile_images/1112588569267204097/7e1lEmEv.jpg
43,9.0,1127962527554342912,1127962527554342912,1557762197000,2019-05-13,22:43:17,WIB,931959036076888064,miccocii,üé∏zaraaa s/h,,"Kamu harus balik dengan keadaan sehat dan bahagia! Jaga diri ya, Uri Leaderüíì @Official_YJS_",['official_yjs_'],[],[],0,0,0,,[],https://twitter.com/miccocii/status/1127962527554342912,,,0,https://pbs.twimg.com/profile_images/1114116607993716736/OQLTrGhX.jpg
44,12.0,1127962487481982976,1127396873612906496,1557762188000,2019-05-13,22:43:08,WIB,2149423598,aintangeel,baby ocen ùîÄùìºùìµùîÇ üçì,,Ikutan mo nambahin la gua. Pokonya kalian pasti bisa bahagia dengan cara kalian sendiri tanpa harus ikutan cara orang. Dan enjoy ur life. Dan jangan lupa pasti ada orang yang bakal selalu support kalian üòò,"['bbaeircne', 'jxnrxykim', 'jenniesys', 'domiesomi', 'rose_rosesbpink', 'jdeniv', 'sejeh_', '_ximply4', 'kkimdubuu']",[],[],0,2,1,,[],https://twitter.com/aintangeel/status/1127962487481982976,,,0,https://pbs.twimg.com/profile_images/1125077755375128576/afkaFrcO.jpg
45,13.0,1127962482323087361,1127962482323087361,1557762186000,2019-05-13,22:43:06,WIB,2955502316,hyuckkei,Ÿãador ‚ú∞!!,,lu semua tau ga sih gw tiap hari berangkat skola liat bulan utuh besar bgt bahagia üò≠üò≠üò≠üò≠,,[],[],1,0,0,,[],https://twitter.com/hyuckkei/status/1127962482323087361,,,0,https://pbs.twimg.com/profile_images/1124985850272464896/h_GgMTB5.jpg
46,14.0,1127962461682819072,1127962461682819072,1557762182000,2019-05-13,22:43:02,WIB,885737139727507456,eummaw,ùìëùìÆùìµùìµùìÆ ‚ô°Ã∑,,nana bahagia terus ya! bubun jg minta maaf kl nda bs jd bubun yg perfect kea yg lain hehe. bubun sayang nana pokoknya ‚ù§‚ù§‚ù§‚ù§  https://twitter.com/txpokki/status/1127947495160422400¬†‚Ä¶,,['https://twitter.com/txpokki/status/1127947495160422400'],[],0,0,0,,[],https://twitter.com/eummaw/status/1127962461682819072,,https://twitter.com/txpokki/status/1127947495160422400,0,https://pbs.twimg.com/profile_images/1127864757984219136/E0ltrqnB.jpg
47,19.0,1127962310591504384,1127508114800930816,1557762146000,2019-05-13,22:42:26,WIB,93094401,shafiraar,ùïîùïöùïù.,,happy birthday ghinaaa! bahagia selalu yaü§ó‚ú®‚ú®,['ghinarhp'],[],[],0,0,0,,[],https://twitter.com/shafiraar/status/1127962310591504384,,,0,https://pbs.twimg.com/profile_images/1125998731319373830/hgNIKiwM.jpg
48,21.0,1127962281784922118,1127962281784922118,1557762139000,2019-05-13,22:42:19,WIB,2397257874,goodly27,HACKED,,Aku hanya ingin mendapatkan hak ku. Hak ku untuk bahagia dan merasakan cinta tulus darimu sayang :)),,[],[],0,0,0,,[],https://twitter.com/goodly27/status/1127962281784922118,,,0,https://pbs.twimg.com/profile_images/448028830578778112/vT7Ugzsk.png
49,23.0,1127962260582744070,1127952674232471552,1557762134000,2019-05-13,22:42:14,WIB,1115880498608267264,soobinmushola,jfb? Soobin,,Bagus dong. Berarti bahagia kamu sederhana,['ddiyeonxi'],[],[],1,0,0,,[],https://twitter.com/soobinmushola/status/1127962260582744070,,,0,https://pbs.twimg.com/profile_images/1127945217053618176/9UMbR-OL.jpg
50,24.0,1127962227724521472,1127903905252139009,1557762126000,2019-05-13,22:42:06,WIB,1062531847618363392,udahmandidong,Bahagia,,"Yg gede mobi, yg item jenny, adalagi Johan, jon tapi gakepotoüò≠ pic.twitter.com/ActAaQ8VA8",['askmenfess'],[],['https://pbs.twimg.com/media/D6dTpacUcAAg5Qe.jpg'],0,0,0,,[],https://twitter.com/Udahmandidong/status/1127962227724521472,,,0,https://pbs.twimg.com/profile_images/1121436346592030721/jgGJBr-c.jpg
51,25.0,1127962222922063872,1127959413833101313,1557762125000,2019-05-13,22:42:05,WIB,1064842733703979008,psychoclar,cla,,bahagia punya banyak teman cowo‚ù§Ô∏è,,[],[],0,0,0,,[],https://twitter.com/psychoclar/status/1127962222922063872,,,0,https://pbs.twimg.com/profile_images/1123962159376011270/v-kvF4VA.jpg
52,27.0,1127962184162529280,1127962184162529280,1557762115000,2019-05-13,22:41:55,WIB,957627283010809857,dearzalis,Dear Zali‚Äôs,,"Ada rasa tenang dalam diriku saat melihatmu tertawa. Jelas sekali aku ingin kau bahagia sebahagia aku melihatmu bahagia. Terima kasih Tuhan, Kau kabulkan doaku lebih dari yang ku pinta. Kau berikan aku kado terindah. #KuisPP @PelangiPuisi",['pelangipuisi'],[],[],0,0,0,,['#kuispp'],https://twitter.com/dearzalis/status/1127962184162529280,,,0,https://pbs.twimg.com/profile_images/1042992028844322816/IHnxw1jO.jpg
53,28.0,1127962161332965378,1127954983880544257,1557762110000,2019-05-13,22:41:50,WIB,1675071535,vosmey,"Odell√©, J.",,bahagia kok unnie! unnie kenapa belum tidur?,['jiyecnprk'],[],[],1,0,0,,[],https://twitter.com/vosmey/status/1127962161332965378,,,0,https://pbs.twimg.com/profile_images/1127187382749487106/VuLpF2QH.jpg
54,29.0,1127962132014817280,1127961066229485569,1557762103000,2019-05-13,22:41:43,WIB,559180315,always_sung,üêß üçö#Aside‚àûYOON JISUNG-Î∞•Ïïå‚àûüçöüêß,,Sayang banget sama kamuüò≠‚ù§ Ga bisa aku ungkapin pake kata-kata sesayang apa aku sama kamu! Pengen kamu sehat dan bahagia terus‚ù§‚ù§‚ù§üò≠üò≠üò≠üò≠,,[],[],0,0,0,,[],https://twitter.com/Always_Sung/status/1127962132014817280,,,0,https://pbs.twimg.com/profile_images/1109026453838913536/CP-mZ9ff.png
55,30.0,1127962093624258560,1127962093624258560,1557762094000,2019-05-13,22:41:34,WIB,1230115087,its_rpw,…™ Ä·¥ò·¥°,,#itsmenfess to @chewhnsol jangan lupa bahagia ya!!   - hehe   pic.twitter.com/kP0ewLUXxL,['chewhnsol'],[],[],0,0,0,,['#itsmenfess'],https://twitter.com/ITS_RPW/status/1127962093624258560,,,1,https://pbs.twimg.com/profile_images/1114872613367476226/NPXNqY4o.jpg
56,31.0,1127962045335216128,1127954906969587714,1557762082000,2019-05-13,22:41:22,WIB,1127948818475933696,teruntukfrisa,Syden,,"mungkin sekarang aku masih banyak kurangnya, bukan couple yang romantis, yang bisa bikin kamu bahagia dan bikin kamu seneng kaya orang-orang lainnya. tapi untuk kamu, aku berusaha untuk memperbaiki diri.",,[],[],1,0,0,,[],https://twitter.com/TeruntukFrisa/status/1127962045335216128,,,0,https://pbs.twimg.com/profile_images/1127949964754034688/17nvI8cW.png
57,34.0,1127962002784018433,1127869038162407425,1557762072000,2019-05-13,22:41:12,WIB,1118154157448318978,siluetkelabu,Asha,,"Asha sedikit mengibaskan rambutnya kebelakang seraya terlihat sedikit sombong.  ""Iyalah Asha gitu. Oh jangan salah kalau Asha bisa bangun siang itu lebih bahagia. asal jangan pas hari sekolah aja""",['tawaparau'],[],[],0,0,0,,[],https://twitter.com/siluetkelabu/status/1127962002784018433,,,0,https://pbs.twimg.com/profile_images/1127222128359530499/kuSzsF9J.jpg
58,35.0,1127961992939986944,1127955785491738624,1557762070000,2019-05-13,22:41:10,WIB,231810435,qquartera,DOT.,,Aku doa aja  Semoga kita BAHAGIA SELALUU,['krthingy'],[],[],0,0,0,,[],https://twitter.com/qquartera/status/1127961992939986944,,,0,https://pbs.twimg.com/profile_images/1109471962462453761/QjRD32jh.jpg
59,36.0,1127961968755666946,1127958953676103685,1557762064000,2019-05-13,22:41:04,WIB,829313122464837633,jelajahalamco,F√†√† a a a,,"Seburuk apa pun masa silam kita, kita berhak utk berubah dan mendapat kebahagiaan. Semua orang layak utk bahagia. Jadi berhentilah utk bersedih. Percayalah satu saat kau akan lebih bahagia cuma kunci utk bahagia adalah SABAR.",,[],[],0,0,0,,[],https://twitter.com/jelajahAlamco/status/1127961968755666946,,,0,https://pbs.twimg.com/profile_images/1125526849281331200/awgPqxdS.jpg
60,37.0,1127961958584467457,1127961958584467457,1557762062000,2019-05-13,22:41:02,WIB,1653079364,bisasajalah,Seribu Jalan Nestapa,,"Jangan hanya berdoa ketika kamu terluka. Meski Tuhan selalu bersamamu, kamu juga harus bersyukur ketika bahagia mengisi harimu.",,[],[],0,0,0,,[],https://twitter.com/bisasajalah/status/1127961958584467457,,,0,https://pbs.twimg.com/profile_images/1110330787474231296/aL4QSNtO.png
61,39.0,1127961944256729089,1127960783881551872,1557762058000,2019-05-13,22:40:58,WIB,164156119,aghacelesta,Almas G Celesta,,"Di ultah mu kali ini, aku gbs kasih apa2 Cukup aamiinkan saja doa2 ku,  Semoga sehat selalu bahagia dan bisa bangkit kembali akan  menjadi cara mu untuk menghibur seluruh dunia ini meita , i miss you as much as we never sayang sayangan #halah. Best wishes xoxo agha üíã@MEITAFER ‚ù§Ô∏è pic.twitter.com/ZdyRln55Rm",['meitafer'],[],"['https://pbs.twimg.com/media/D6dTZS4V4AE2O2V.jpg', 'https://pbs.twimg.com/media/D6dTZS2UIAAueiE.jpg', 'https://pbs.twimg.com/media/D6dTZS4UYAAWFrs.jpg']",1,0,0,,['#halah'],https://twitter.com/aghacelesta/status/1127961944256729089,,,0,https://pbs.twimg.com/profile_images/1097161419638730754/cXyfe8iz.jpg
62,40.0,1127962825702486018,1127962825702486018,1557762268000,2019-05-13,22:44:28,WIB,842700733581418496,samuelcorneliss,Samuel Cornelis,,Bahagia adalah milik mereka yang bangga menjadi dirinya sendiri,,[],[],0,0,0,,[],https://twitter.com/samuelCorneliss/status/1127962825702486018,,,0,https://pbs.twimg.com/profile_images/842701398508617729/A2UsOZJC.jpg
63,41.0,1127962797390712832,1127962797390712832,1557762262000,2019-05-13,22:44:22,WIB,1127260610364710912,kwatkim,Kim Kwat,,"""Jangan lupa bahagia""  Segenting- gentingnya situasi & kondisi,Baginda rossul tetap tersenyum",,[],[],0,0,0,,[],https://twitter.com/KwatKim/status/1127962797390712832,,,0,https://pbs.twimg.com/profile_images/1127266382746271744/naTfZb8_.jpg
64,43.0,1127962753920933888,1127962753920933888,1557762251000,2019-05-13,22:44:11,WIB,458080369,hehenyesek,Hehe Nyesek Ya :'),,"Saat sendiripun aku bisa tersenyum..tapi saat ada kamu, aku merasa lebih bahagia :')",,[],[],0,0,0,,[],https://twitter.com/HeheNyesek/status/1127962753920933888,,,0,https://pbs.twimg.com/profile_images/1110606159990251521/8uLBuQit.jpg
65,44.0,1127962720198729728,1127962720198729728,1557762243000,2019-05-13,22:44:03,WIB,997599688281833473,anluvocean,Caüåä | inactive,,Istirahat dulu biar hatiku bahagia,,[],[],0,0,0,,[],https://twitter.com/anluvocean/status/1127962720198729728,,,0,https://pbs.twimg.com/profile_images/1127184510796218368/0h1FeEt4.jpg
66,0.0,1127972105239322625,1127972105239322625,1557764481000,2019-05-13,23:21:21,WIB,2224992768,pusgmz,Puspita Murti,,Nih gara2 tidur siang setengah sore jadi ga ngantuk,,[],[],0,0,0,,[],https://twitter.com/pusgmz/status/1127972105239322625,,,0,https://pbs.twimg.com/profile_images/1121069660881874950/rBrYLXEQ.jpg
67,1.0,1127970111602688000,1127970111602688000,1557764005000,2019-05-13,23:13:25,WIB,255870697,darafirdha,Dara,,Kopi. I need kopi pait nih tp ntar ngantuk,,[],[],0,0,0,,[],https://twitter.com/darafirdha/status/1127970111602688000,,,0,https://pbs.twimg.com/profile_images/1127855371446390784/8vphqfAO.jpg
68,2.0,1127970075598655489,1127968608720572416,1557763997000,2019-05-13,23:13:17,WIB,733217871937961984,otwskripsian,Net√°,,Belum ngantuk nih ):,['orxysh00'],[],[],1,0,0,,[],https://twitter.com/otwskripsian/status/1127970075598655489,,,0,https://pbs.twimg.com/profile_images/1125460461854412801/Zg452hxZ.jpg
69,4.0,1127968714907742208,1127948484458344448,1557763672000,2019-05-13,23:07:52,WIB,785097250208780289,bclinyi99,Êûó‰∏Ä LIN YI,,BD AMAD U NGANTUK YA üòÇ BENER NIH DI LAKBAN??? BENER KALI INI AJA Y,['bclia00'],[],[],1,0,0,,[],https://twitter.com/BCLINYI99/status/1127968714907742208,,,0,https://pbs.twimg.com/profile_images/1127970660083322881/uoZA3qEM.jpg
70,5.0,1127967759394959360,1127938267435786248,1557763445000,2019-05-13,23:04:05,WIB,1051800397470261248,anniejjhyun__,annieüçë,,"nihhh jam segini nih, masih belom ngantuk? :')",['bbypeachyy'],[],[],0,0,0,,[],https://twitter.com/anniejjhyun__/status/1127967759394959360,,,0,https://pbs.twimg.com/profile_images/1115945757507342336/3b-vLDs_.jpg
71,6.0,1127965969756766208,1127965969756766208,1557763018000,2019-05-13,22:56:58,WIB,1091995907522883584,azzamsyauqi_,Netizen +62,,"Malem malem laper  Keluar rumah buat cari makan, Eh taunya pas sampe rumah ngantuk  Tidur enak nih . Dasar aku",,[],[],1,0,0,,[],https://twitter.com/azzamsyauqi_/status/1127965969756766208,,,0,https://pbs.twimg.com/profile_images/1091996326420635649/u2845vz_.jpg
72,7.0,1127965798482366464,1127965798482366464,1557762977000,2019-05-13,22:56:17,WIB,859390433125834752,jsoyul,Jennyüíé(H),,Udah ngantuk banget nih. Lanjut besok yaaa,,[],[],1,0,0,,[],https://twitter.com/Jsoyul/status/1127965798482366464,,,0,https://pbs.twimg.com/profile_images/1127905067988742144/nzh9KaMk.png
73,8.0,1127965619280695302,1127963877214265345,1557762934000,2019-05-13,22:55:34,WIB,1051964820,k_besar48,Kholif Ferdinand,,"Sama gue juga nih susah tidur kalau malam, tapi kalau siang suka ngantuk.",['nblh_ayu'],[],[],0,1,0,,[],https://twitter.com/K_besar48/status/1127965619280695302,,,0,https://pbs.twimg.com/profile_images/1121624923498135552/RJNpHZn-.jpg
74,9.0,1127965581833949185,1126140688553238528,1557762925000,2019-05-13,22:55:25,WIB,3016813778,twiceuiny,Nayeon,,Ngantuk nih pastiüòÇ,['kim_mygs'],[],[],0,0,0,,[],https://twitter.com/twiceuiny/status/1127965581833949185,,,0,https://pbs.twimg.com/profile_images/1126486393947996161/4XURc0vP.jpg
75,10.0,1127964782366117888,1127959006167715840,1557762735000,2019-05-13,22:52:15,WIB,1064463661798907904,jjennickim,Jenkim·¥Æ·¥ø‚Å∂,,Belom ngantuk nih,['bri69ank'],[],[],1,0,0,,[],https://twitter.com/Jjennickim/status/1127964782366117888,,,0,https://pbs.twimg.com/profile_images/1127567964322971648/pW50MhSD.jpg
76,11.0,1127964050460037121,1127964050460037121,1557762560000,2019-05-13,22:49:20,WIB,87701520,yr_hardiansyah,Yusuf Ridho H,,"Jam segini belum ngantuk? Coba dipake belajar, langsung berat nih mata üòå",,[],[],0,0,0,,[],https://twitter.com/yr_hardiansyah/status/1127964050460037121,,,0,https://pbs.twimg.com/profile_images/1082831238992322560/WrEF2H4d.jpg
77,12.0,1127963618274725889,1127958564071305217,1557762457000,2019-05-13,22:47:37,WIB,908683010760892416,qurlqie,JFB? dicuw,,Belum ngantuk sama sekali nih opp huhu,['realtaeha'],[],[],1,0,0,,[],https://twitter.com/qurlqie/status/1127963618274725889,,,0,https://pbs.twimg.com/profile_images/1127950901145001984/Saoip625.jpg
78,13.0,1127962854370316288,1127962854370316288,1557762275000,2019-05-13,22:44:35,WIB,1127583399906955265,mirawat17435218,Mirawati,,"Malam gak bisa tidur , waktu kuliah ngantuk berat . Maunya apa sih nih mataüòë",,[],[],0,0,0,,[],https://twitter.com/Mirawat17435218/status/1127962854370316288,,,0,https://pbs.twimg.com/profile_images/1127584386038132738/ACEh2CGJ.jpg
79,14.0,1127962269889875968,1127601478401585153,1557762136000,2019-05-13,22:42:16,WIB,990611948604608512,ccumcumi,cumi jfb,,blom ngantuk ah masih melek bgt sampe melotot nih,['nctmurkl'],[],[],1,0,0,,[],https://twitter.com/ccumcumi/status/1127962269889875968,,,0,https://pbs.twimg.com/profile_images/1127047304924368896/0UvyNI74.jpg
80,15.0,1127960395015004160,1127959082785075200,1557761689000,2019-05-13,22:34:49,WIB,3059006449,chateaugatou,Shea Jazmine·¥∏·¥ºÀ¢·µç·µò·∂ú·∂ú‚Å±,,"Belum ngantuk nih bang bob wkwk, sndirinya knpa?",['caedburry'],[],[],0,0,0,,[],https://twitter.com/Chateaugatou/status/1127960395015004160,,,0,https://pbs.twimg.com/profile_images/1127958638209847296/lQIQj1sG.jpg
81,19.0,1127958438330290176,1127875107945238528,1557761222000,2019-05-13,22:27:02,WIB,270220524,estiapriiani,ESTI,,bisa jadi sihh coba nih besok selasa pasti ngantuk padahal tidurnya ga cukup,['oviliaaa'],[],[],0,0,0,,[],https://twitter.com/estiapriiani/status/1127958438330290176,,,0,https://pbs.twimg.com/profile_images/1080181299459936256/eIpmR-XT.jpg
82,20.0,1127957723318874112,1127949681793744897,1557761052000,2019-05-13,22:24:12,WIB,877891780854792192,heeyaahei,d√ØŒ∑dŒ±üí´,,"heh bentar lagi dong, belom ngantuk nihüò≠üíú",['queencerryv_'],[],[],1,0,0,,[],https://twitter.com/heeyaahei/status/1127957723318874112,,,0,https://pbs.twimg.com/profile_images/1127837847283650560/5XZ2StCI.jpg
83,21.0,1127957136640602113,1127956457305956352,1557760912000,2019-05-13,22:21:52,WIB,2675743383,juoohyun,Ÿã,,belum mau nih sayang. kamu udh ngantuk???,['jungchaeyoin'],[],[],0,0,0,,[],https://twitter.com/juoohyun/status/1127957136640602113,,,0,https://pbs.twimg.com/profile_images/1127894793315446784/DNZJwdGi.jpg
84,22.0,1127956646519435267,1127248960056283137,1557760795000,2019-05-13,22:19:55,WIB,3008537893,kjjenniie,Je!,,"Dengerin musik aja nih, sambil nunggu ngantuküòÇ kamu?",['nctyongs'],[],[],1,0,0,,[],https://twitter.com/kjjenniie/status/1127956646519435267,,,0,https://pbs.twimg.com/profile_images/1125340794741592064/jA6rrdnY.jpg
85,26.0,1127952450374160384,1127952450374160384,1557759795000,2019-05-13,22:03:15,WIB,3094872720,aditiaurba1,Urbaaaaa,,"Pas lagi kerja : ""ngantuk, balik enak nih langsung tidur."" Pas sampe rumah : ""rebahan-main sosmed-denger musik-ngestalk-ketawaketiwi sampe tengah malem.""  Besoknya telat ngampus karna mager banget mau bangunüòû",,[],[],0,0,1,,[],https://twitter.com/aditiaurba1/status/1127952450374160384,,,0,https://pbs.twimg.com/profile_images/1121012163181551617/wM_SS4sz.jpg
86,27.0,1127951818669973505,1127951818669973505,1557759644000,2019-05-13,22:00:44,WIB,1106370854986768384,rzknry,pacar barumu,,"Aku udah ngantuk nih, apakah aku sejenis manusia yang lemah?",,[],[],2,0,1,,[],https://twitter.com/rzknry/status/1127951818669973505,,,0,https://pbs.twimg.com/profile_images/1126694863355895808/XqCbOLlk.jpg
87,28.0,1127951606543077378,1127949054783004672,1557759593000,2019-05-13,21:59:53,WIB,1112507961396486146,baechuiie,Bae cecil !üåª,,"Makasih , kamu lebih cantik lohüëâüëà Belom ngantuk nih , kamu sendiri kenapa belom bobo? Gaboleh tidur malem2 yaa nanti diculik om kunti tau  http://rasa.gg¬†",['rdujeong'],['http://rasa.gg'],[],0,0,0,,[],https://twitter.com/baechuiie/status/1127951606543077378,,,0,https://pbs.twimg.com/profile_images/1127794558434041856/uOdQC4G7.jpg
88,34.0,1127946401139314688,1127946401139314688,1557758352000,2019-05-13,21:39:12,WIB,69183155,detikcom,detikcom,,"Jam tidur yang berkurang saat puasa bikin kita mudah mengantuk nih. Apalagi saat memasuki jam-jam kritis rawan ngantuk, HOAMM! Gimana ya cara mensiasatinya? #TipsNgantuk   via @detikHealth https://health.detik.com/berita-detikhealth/d-4546726/hoam-5-tips-jitu-biar-nggak-ngantuk-saat-puasa?utm_content=detikhealth&utm_term=echobox&utm_medium=oa&utm_campaign=detikcomsocmed&utm_source=Twitter#Echobox=1557717390¬†‚Ä¶",['detikhealth'],['https://health.detik.com/berita-detikhealth/d-4546726/hoam-5-tips-jitu-biar-nggak-ngantuk-saat-puasa?utm_content=detikhealth&utm_term=echobox&utm_medium=oa&utm_campaign=detikcomsocmed&utm_source=Twitter#Echobox=1557717390'],[],0,5,12,,['#tipsngantuk'],https://twitter.com/detikcom/status/1127946401139314688,,,0,https://pbs.twimg.com/profile_images/1019070441615323137/mBGdN9io.jpg
89,1.0,1127973901357608960,1127965726269222912,1557764909000,2019-05-13,23:28:29,WIB,2541050540,aegihoonie,niss üïä,,MAKSUD LO APASIH SENENG BANGET LIAT GUE SENGSARA,"['jihoonisasi', 'strawberrych0co', 'diahyunjinku', 'sayangwanawan', 'foxluvme']",[],[],0,0,0,,[],https://twitter.com/aegihoonie/status/1127973901357608960,,,0,https://pbs.twimg.com/profile_images/1126873463119986689/oUhrJV08.jpg
90,2.0,1127973811922456576,1127973811922456576,1557764888000,2019-05-13,23:28:08,WIB,158980714,geq_utu,I.A. Putu Anggiarani,,"Jeno Jaemin seneng banget nemu botol plastik di gunung sampah üëè ya ampun mrka gak kebauan apa? W cuma nonton aja udah ngerasa kek di ujung hidung tu bau tumpukan sampah üò≠ Truk pengangkut sampah lewat depan aku aja udah gak tahan, apalagi sampe ngorek2 bgtu. Salut sama mrka üëç",,[],[],0,0,0,,[],https://twitter.com/geQ_utu/status/1127973811922456576,,,0,https://pbs.twimg.com/profile_images/1007923898849976320/2AH1ElJk.jpg
91,3.0,1127973511589318665,1127973511589318665,1557764816000,2019-05-13,23:26:56,WIB,1003209762610167808,pucingah,Hadeh,,Ya Allah shock therapy banget malem malem:(( tapi ku senang saingan berkurang 1 wkwkwkwkwkw,,[],[],0,0,0,,[],https://twitter.com/pucingah/status/1127973511589318665,,,0,https://pbs.twimg.com/profile_images/1124638280958349312/0GNsafjL.jpg
92,4.0,1127972735391420418,1127972735391420418,1557764631000,2019-05-13,23:23:51,WIB,2616003410,jeontae_hg,S“âY“âA“âC“âA“âü§üüèªüíúüí´,,"Seneng banget kalo ada yang manggil hoseok pake ka gitu dah, gemes.",,[],[],0,0,0,,[],https://twitter.com/jeontae_hg/status/1127972735391420418,,,0,https://pbs.twimg.com/profile_images/1126367237172916225/UzvnOj8j.jpg
93,5.0,1127972652155465728,1127972652155465728,1557764611000,2019-05-13,23:23:31,WIB,1098456541517103104,indahdhira1305,I N D A H,,"Alhamdulillah seneng banget dong, yg diharepin akhirnya muncul jugaüòç",,[],[],0,0,0,,[],https://twitter.com/indahdhira1305/status/1127972652155465728,,,0,https://pbs.twimg.com/profile_images/1110154366743273472/bEggOBzw.jpg
94,6.0,1127972585331802112,1127971827991531521,1557764595000,2019-05-13,23:23:15,WIB,730338412549439488,soyou_sstr,‚ûπ soooo_you #RainDrop,,Jongin seneng banget kalo aku cemburu. Katanya bersejarah :) Saya jarang cemburu soalnya wkwk,['tlrpes'],[],[],0,0,0,,[],https://twitter.com/soyou_sstr/status/1127972585331802112,,,0,https://pbs.twimg.com/profile_images/1127167963260260354/XQhaEGg5.jpg
95,7.0,1127972281622208513,1127941435875979264,1557764523000,2019-05-13,23:22:03,WIB,1125826047319072768,arte_dorami,dorami!,,"RAMAAAAAAH! aku seneng banget pas liat kamu sering muncul waktu soulsarte baru buka. sering banget ngobrol sama kita! sayang sama ddeul, deh. by the way, itu kenapa tangannya kebalik, sih! üò≠üò§",['ddeulguom'],[],[],0,0,0,,[],https://twitter.com/arte_dorami/status/1127972281622208513,,,0,https://pbs.twimg.com/profile_images/1127174972328177666/ifgJBgbZ.jpg
96,8.0,1127972195357958144,1127970560518975488,1557764502000,2019-05-13,23:21:42,WIB,749812646044573696,ngokkkkkkkk,Re.,,"Bahagia itu simpel  Lihat nama hangyul aja seneng banget :"")",['producexfess'],[],[],0,0,0,,[],https://twitter.com/ngokkkkkkkk/status/1127972195357958144,,,0,https://pbs.twimg.com/profile_images/1125777014516936705/JPH1h81L.jpg
97,9.0,1127971969519898624,1127971436016963585,1557764448000,2019-05-13,23:20:48,WIB,1116381081819684864,amskhad,ams,,"Pas lagi ngerasa seneng bakal seneng banget bahagia banget rasanya tapi pas lagi sedih bakal neting kemana mana dan sedih banget banget kaya mau gila, and i know it‚Äôs not healthy not only for my mental health but also for my body, cant do anything about it, fuck",,[],[],0,0,0,,[],https://twitter.com/amskhad/status/1127971969519898624,,,0,https://pbs.twimg.com/profile_images/1123583167330316289/PhW31HWy.jpg
98,10.0,1127971842327584768,1127176663064666113,1557764418000,2019-05-13,23:20:18,WIB,1116331085737025536,theboyzzzz12,triyuli_andriani,,"Harusnya kita ka yang bilang Makasih ke kk karna udah ngadain GA ini‚ù£‚ù£‚ù£.  Seneng banget bisa ikutan GA yang kk buat ini, Dan semangt banget bikinnyaüéâüéâ",['orangemelody39'],[],[],0,0,1,,[],https://twitter.com/TheBoyzzzz12/status/1127971842327584768,,,0,https://pbs.twimg.com/profile_images/1127489973932838912/zGbHu-ao.jpg
99,11.0,1127971346653204480,1127971346653204480,1557764300000,2019-05-13,23:18:20,WIB,145974388,wiranata_04,Dimas A. Wiranata,,"Orang di Instagram upload abis seneng seneng terus nulis caption ""Pura-pura bahagia"" padahal mah . . . . . . . . . . . . . . . . . . . . . . .  bahagia banget awokwkwokkawok",,[],[],0,0,0,,[],https://twitter.com/Wiranata_04/status/1127971346653204480,,,0,https://pbs.twimg.com/profile_images/958343183464726528/gPJ3gV6a.jpg
100,12.0,1127971311148396544,1127969361895886855,1557764291000,2019-05-13,23:18:11,WIB,1060942213453033472,akutehsiapa,aku crush kamu,,Seneng banget ga boong,['tanya2rl'],[],[],0,0,0,,[],https://twitter.com/Akutehsiapa/status/1127971311148396544,,,0,https://pbs.twimg.com/profile_images/1127157653266812929/yItseqkF.jpg
101,13.0,1127970868758368256,1127970312321028097,1557764186000,2019-05-13,23:16:26,WIB,1106401521762099200,outofazkaban,Luther,,"Apalagi setelah liat temen tadi kelar sidang, lulus, terus gue cuma bisa kasih senyum kecut bilang selamat. Sebetulnya gue seneng karena dia orangnya emang pejuang banget, and she deserves to be a pioneer in our batch. Tapi miris sama diri sendiri karena makin hari makin males.",,[],[],0,0,0,,[],https://twitter.com/outofazkaban/status/1127970868758368256,,,0,https://pbs.twimg.com/profile_images/1126537119109750785/jRLFNik7.jpg
102,14.0,1127970809971003393,1127970809971003393,1557764172000,2019-05-13,23:16:12,WIB,100787589,kuntopangestu,kun,,"Seneng banget ibadah ramai seperti ini, rindu berada di tanah suci...  pic.twitter.com/8mUpboPT9N",,[],[],0,0,0,,[],https://twitter.com/kuntopangestu/status/1127970809971003393,,,1,https://pbs.twimg.com/profile_images/969950803938000896/eEKAy8PY.jpg
103,15.0,1127970646435045376,1127970646435045376,1557764133000,2019-05-13,23:15:33,WIB,953836218432733186,lelyzftri09,Balabalabieem,,Hari ini banyak banget nerima ucapan semangat dari orang2 yg ga terduga. Seneng banget^^,,[],[],0,0,0,,[],https://twitter.com/Lelyzftri09/status/1127970646435045376,,,0,https://pbs.twimg.com/profile_images/986276638844334081/KdtTuzaF.jpg
104,16.0,1127970564046409728,1127968889181052928,1557764113000,2019-05-13,23:15:13,WIB,1127967064201629696,teing_sabodo,Sabodo,,"Iya, dulu seneng banget loh gw punya temen yg punya gituan... Gw sebagai misqueenkids bisa minjem. Ehe'",['bayu_joo'],[],[],0,0,0,,[],https://twitter.com/teing_sabodo/status/1127970564046409728,,,0,https://pbs.twimg.com/profile_images/1127973291170254848/9g5DIBKV.jpg
105,17.0,1127970466067431426,1127963090434134017,1557764090000,2019-05-13,23:14:50,WIB,1059142114787844096,imerputri97,i m e r,,seneng banget padalan cuman kon nambah i titiktitik tok tapi suine nauzubillah,,[],[],1,0,0,,[],https://twitter.com/imerputri97/status/1127970466067431426,,,0,https://pbs.twimg.com/profile_images/1103137968254906368/KQeow1JE.jpg
106,18.0,1127970410580959232,1127970410580959232,1557764077000,2019-05-13,23:14:37,WIB,855427492340916224,mrskumamon,NANDA - i‚Äôm yoongi‚Äôs managerüíú,,Dia tuh lagi kenapadeh happy banget tapi aku seneng üòç  pic.twitter.com/pU0Ft1LLml,,[],[],0,0,0,,[],https://twitter.com/mrskumamon/status/1127970410580959232,,,1,https://pbs.twimg.com/profile_images/1126813603900694528/wSjrqpn5.jpg
107,0.0,1127975059279060992,1127975059279060992,1557765185000,2019-05-13,23:33:05,WIB,732700142,ayypermata_,ayeycidur,,How's life?  Sehat?  Alhamdulillah.,,[],[],0,0,0,,[],https://twitter.com/ayypermata_/status/1127975059279060992,,,0,https://pbs.twimg.com/profile_images/1127684984733483008/KMo_m5rZ.jpg
108,1.0,1127975044976599041,1127975044976599041,1557765182000,2019-05-13,23:33:02,WIB,343873331,antekerwin,Erwin Syah Pangkubarani,,Alhamdulillah . Kebenaran akan menemukan jalannya dengan usaha kita . @prabowo @Dahnilanzar @saididu @sandiuno #IndonesiaMemanggilCakNun pic.twitter.com/FdbK7P6Mzc,"['prabowo', 'dahnilanzar', 'saididu', 'sandiuno']",[],['https://pbs.twimg.com/media/D6dfUXeUEAAj3YH.jpg'],0,0,0,,['#indonesiamemanggilcaknun'],https://twitter.com/antekerwin/status/1127975044976599041,,,0,https://pbs.twimg.com/profile_images/1108470821217955840/7HSoj4rW.jpg
109,3.0,1127974998977548293,1127974998977548293,1557765171000,2019-05-13,23:32:51,WIB,244601375,triooars,Hamdani Warfette,,Alhamdulillah adalah energi üôè,,[],[],0,0,0,,[],https://twitter.com/triooars/status/1127974998977548293,,,0,https://pbs.twimg.com/profile_images/1121443405492412418/YxYAhc1W.jpg
110,4.0,1127974987665514496,1127620770304126976,1557765168000,2019-05-13,23:32:48,WIB,870685796143054849,avocajuice,ü§∑‚Äç‚ôÄÔ∏è,,"alhamdulillah ikut seneng, terharuuu bgtüò≠‚ù§ semoga mamanya bisa ikut umroh bareng bapak ya, aamiin!!",['ddaegubabys'],[],[],0,0,0,,[],https://twitter.com/avocajuice/status/1127974987665514496,,,0,https://pbs.twimg.com/profile_images/1107692292465319936/ljwJovbn.jpg
111,10.0,1127974918979645440,1127974918979645440,1557765152000,2019-05-13,23:32:32,WIB,876997195731423232,insafxfm,INSAFM with Dimas.,,"Alhamdulillah, semenjak ada depina selalu tenang üôè  https://twitter.com/KHJxINSAF/status/1127974522932490240¬†‚Ä¶",,['https://twitter.com/KHJxINSAF/status/1127974522932490240'],[],0,0,1,,[],https://twitter.com/INSAFxFM/status/1127974918979645440,,https://twitter.com/KHJxINSAF/status/1127974522932490240,0,https://pbs.twimg.com/profile_images/1126856358811201537/HwiC634G.jpg
112,11.0,1127974900042321920,1127974900042321920,1557765147000,2019-05-13,23:32:27,WIB,998762148850421760,syazwansayunii,syzwn,,alhamdulillah rezeki bulan ramadhanüòö,,[],[],0,0,0,,[],https://twitter.com/syazwansayunii/status/1127974900042321920,,,0,https://pbs.twimg.com/profile_images/1116550168764043264/o6X8iJWk.jpg
113,12.0,1127974883298660353,1127974883298660353,1557765143000,2019-05-13,23:32:23,WIB,425796842,larass_1,Laras Sriwulandari,,Pertamakali tarawih langsung sama sekeluarga dirumah.  Parah auto mewek dr awal sampai akhir sholat.  Alhamdulillah yaLorddd,,[],[],0,0,0,,[],https://twitter.com/Larass_1/status/1127974883298660353,,,0,https://pbs.twimg.com/profile_images/1102622572489797633/0MFrWmUI.jpg
114,14.0,1127974862222315527,1127974862222315527,1557765138000,2019-05-13,23:32:18,WIB,975648332415578112,mdmediaofficial,mdmediaofficial,,Buka bersama dan tasyakuran dalam rangka HUT ke-6 MDMedia alhamdulillah telah dilaksanakan pada Jumat 10 Mei 2019 di Telkom Landmark Tower. . . . #mdmedia #mdmedia6thanniversary #reachhighertothestars‚Ä¶  https://www.instagram.com/p/BxaNXgMD6mB/?igshid=15llcjx9ite3x¬†‚Ä¶,,['https://www.instagram.com/p/BxaNXgMD6mB/?igshid=15llcjx9ite3x'],[],0,0,0,,"['#mdmedia', '#mdmedia6thanniversary', '#reachhighertothestars']",https://twitter.com/mdmediaofficial/status/1127974862222315527,,,0,https://pbs.twimg.com/profile_images/991009797372755968/v5VmzdTH.jpg
115,17.0,1127974826205827072,1127974826205827072,1557765129000,2019-05-13,23:32:09,WIB,882228432117014528,geuriwo6,pejuang utbk,,alhamdulillah kelar jugaaaaaaa:))  pic.twitter.com/mnj2RedRV7,,[],['https://pbs.twimg.com/media/D6dfIDsU0AA9pjt.jpg'],0,0,0,,[],https://twitter.com/geuriwo6/status/1127974826205827072,,,0,https://pbs.twimg.com/profile_images/1126091061724569603/2OP5tAOe.jpg
116,18.0,1127974755070406656,1127965268502650881,1557765113000,2019-05-13,23:31:53,WIB,1073831580,arradwipartya,Arra Dwi,,"Alhamdulillah, ada temen:"" semangat ya! Nyesel gak ambil ekonomi? Wkwkw",['noviaawd_'],[],[],1,0,0,,[],https://twitter.com/arradwipartya/status/1127974755070406656,,,0,https://pbs.twimg.com/profile_images/1124531439792414722/peO1Wtwy.jpg
117,19.0,1127974700196352001,1127957619270832129,1557765099000,2019-05-13,23:31:39,WIB,189738900,qolbun_salim,Abu Khalif,,alhamdulillah tidur miring ke kanan.. tidur sunnah nabi muhammad SAW dan posisi tidur abadi kita nanti ketika di liang lahat nanti..,['ekanazra'],[],[],0,0,0,,[],https://twitter.com/Qolbun_Salim/status/1127974700196352001,,,0,https://pbs.twimg.com/profile_images/1021222024524357632/k2OjyHIs.jpg
118,5.0,1127975847669800960,1127975847669800960,1557765373000,2019-05-13,23:36:13,WIB,38805464,aiueorin,Dyah Nur Khoiriyah,,banyak yg kecewa ama GoT beberapa eps terakhir. meanwhile aku kok seneng2 aja yah nontonnya üòÇ ya pasti ada yg kurang sih ina inu tapi so far so good lol. apakah aku terlalu polos...  jadi yg dibilang aneh ga logis dan bikin kecewa itu apanya siii aku kepo tolong jelaskeun.,,[],[],0,0,0,,[],https://twitter.com/aiueorin/status/1127975847669800960,,,0,https://pbs.twimg.com/profile_images/572054453555105793/1AcGXIB2.jpeg
119,10.0,1127975011149422592,1127975011149422592,1557765174000,2019-05-13,23:32:54,WIB,279839059,ubrwsm,ilham,,"Kok pada kecewa sama S08E05 GoT. B aja sih, emang gitu kali cewe mah. Wkwkwkw.",,[],[],0,0,0,,[],https://twitter.com/UBRWSM/status/1127975011149422592,,,0,https://pbs.twimg.com/profile_images/1127031232523427840/OjteeKv9.jpg
120,16.0,1127974257273630721,1127974257273630721,1557764994000,2019-05-13,23:29:54,WIB,3235763802,mentarisal,üåπ,,"Anywaaaays hari ini aku seneng karna nyoba naik mrt for the first time, trs bm makan kkuldak w terpenuhi, ban ban tea jg! Walopun kecewa karna boba nya abisü•∫",,[],[],1,0,0,,[],https://twitter.com/mentarisal/status/1127974257273630721,,,0,https://pbs.twimg.com/profile_images/1077810816122970114/A5qtW0Jz.jpg
121,25.0,1127973649070186496,1127908058737172480,1557764849000,2019-05-13,23:27:29,WIB,117042445,ignroberto,Ignatius Roberto,,"paling kecewa sama karakternya jaime, ke winterfell cuman buat fan service sama brienne terus balik lagi ke cersei. udah.",['vinatna'],[],[],0,0,0,,[],https://twitter.com/ignroberto/status/1127973649070186496,,,0,https://pbs.twimg.com/profile_images/492725441803722752/4jEKSXKy.jpeg
122,30.0,1127973239886508033,1127964140956291073,1557764751000,2019-05-13,23:25:51,WIB,2400968678,4everfams,4Fams,,SAYA KECEWA GA KEPICK. TAPI GPP DAH HABEDE Y  pic.twitter.com/36vxOYpBjC,['4joyi96'],[],[],0,0,0,,[],https://twitter.com/4everfams/status/1127973239886508033,,,1,https://pbs.twimg.com/profile_images/1126750645891977216/whFAv8Xy.jpg
123,33.0,1127972813153767425,1127972813153767425,1557764650000,2019-05-13,23:24:10,WIB,311200636,anisamawaddah,Ica,,Kecewa penonton episode 5 ini ah.,,[],[],0,0,0,,[],https://twitter.com/anisamawaddah/status/1127972813153767425,,,0,https://pbs.twimg.com/profile_images/1127180899261403136/0sjne0BX.jpg
124,36.0,1127972626964439040,1127933734198472706,1557764605000,2019-05-13,23:23:25,WIB,1052535097893650432,youngminisme,kc,,KECEWA PENONTON,['oddaeng'],[],[],1,0,0,,[],https://twitter.com/youngminisme/status/1127972626964439040,,,0,https://pbs.twimg.com/profile_images/1127651799450578944/X4NeT2bX.jpg
125,40.0,1127972367198638087,1127953274634510337,1557764543000,2019-05-13,23:22:23,WIB,1095324334606831621,myproud_bangtan,MyProud_Army,,Sedih iya kecewa iyaa tapi rasional lah yaa kyknyaa.  #MTVBRKPOPBTS #MTVBRFANDOMBTSARMY #PremiosMTVMIAW @BTS_twt,"['kingseokjinina', 'bts_twt']",[],[],0,0,0,,"['#mtvbrkpopbts', '#mtvbrfandombtsarmy', '#premiosmtvmiaw']",https://twitter.com/Myproud_bangtan/status/1127972367198638087,,,0,https://pbs.twimg.com/profile_images/1127572139383463936/iCca_0n2.jpg
126,41.0,1127972269731409920,1127972269731409920,1557764520000,2019-05-13,23:22:00,WIB,1049711295799296001,uyaboira,Ario Bayu,,"Banyak yg kecewa dng #GoT S8E5. Khususnya soal perang di King's Landing. Saya sih ngga heran. Sejak S1E1, awal cerita tuh dibuka dng ada Pasukan #NightKing. Jadi musuh utama di serial itu yaa, mereka. Perang yg pasti dibikin edan jg pas #BattleOfWinterfell.",,[],[],1,0,0,,"['#got', '#nightking', '#battleofwinterfell']",https://twitter.com/uyaboira/status/1127972269731409920,,,0,https://pbs.twimg.com/profile_images/1084806538701619200/1Db5pKW9.jpg
127,42.0,1127972197396430849,1127377003949072385,1557764503000,2019-05-13,23:21:43,WIB,922107961647828992,huoxan,Zh≈´.,,"Pantes cepet tua.  Dih. Biasa aja. Lu yang malu-maluin. Cepetan sana, sebelum gua kecewa. /woi  Lah gimana sih.",['coldwcr'],[],[],1,0,0,,[],https://twitter.com/huoxan/status/1127972197396430849,,,0,https://pbs.twimg.com/profile_images/1116717871189508096/srxM7q9u.jpg
128,47.0,1127971436830658565,1127970598745804800,1557764321000,2019-05-13,23:18:41,WIB,2560687308,douxmiz,Kahal Rawr,,"Angkut gua bangggg dijamin ngga kecewa, kecewa bisa refund .ggg wkwk",['rpautobase'],[],[],0,0,0,,[],https://twitter.com/douxmiz/status/1127971436830658565,,,0,https://pbs.twimg.com/profile_images/1127917910108753920/oHnQsWr7.jpg
129,49.0,1127971047947423745,1127971047947423745,1557764229000,2019-05-13,23:17:09,WIB,87119032,emychusnul,Emy Chusnul Chotimah,,"ANJIR APAAN SIH INI EPISODE 5 #GameofThrones ????? EMOSI JIWA RAGAAAAA, KECEWA KECEWA KECEWAAAAA!!!!! üò†üò†",,[],[],1,0,0,,['#gameofthrones'],https://twitter.com/Emychusnul/status/1127971047947423745,,,0,https://pbs.twimg.com/profile_images/1126506075618856963/z9Y6dNHk.jpg
130,51.0,1127970902480572425,1127970902480572425,1557764194000,2019-05-13,23:16:34,WIB,1116493161675669504,kochengndoet,Kucing gendut,,"Banyak yg kecewa atas tindakan dany di ep ini, but menurut gue malah wajar dia kaya gitu setelah apa yg dia alami sendiri. Sebenernya dany dari dulu itu pedendam, cuma masih bisa diredam ama jorah and missandei. Menurut gue wajar dia kaya gitu.",,[],[],1,0,0,,[],https://twitter.com/kochengndoet/status/1127970902480572425,,,0,https://pbs.twimg.com/profile_images/1116493437618933760/Sqf8tK8T.jpg
131,55.0,1127970696238256130,1127890535048310784,1557764145000,2019-05-13,23:15:45,WIB,42232757,giesugiarno,sugiarno,,Semua juga hanya sebatas hadir untuk mengantarkan Daenerys membalaskan dendamnya. Atas nama dendam juga yang akhirnya membuat Dany ada dalam list Arya. 2 tahun penantian yang berakhir antiklimaks. Agak kecewa dengan alur dan pementasan season 8.,['frischa_swarini'],[],[],0,0,0,,[],https://twitter.com/giesugiarno/status/1127970696238256130,,,0,https://pbs.twimg.com/profile_images/862863704622104576/qYOG0aoN.jpg
132,57.0,1127970547298516992,1127963091252080641,1557764109000,2019-05-13,23:15:09,WIB,808093066573664260,lilvulpes,ü¶ä,,"Ada yg bilang karena di buku akhirnya kaya gitu jg sih ü§∑‚Äç‚ôÇÔ∏è agak kecewa episode 3 sih, tp yaudah lah ya",['tivaxo'],[],[],0,0,0,,[],https://twitter.com/lilvulpes/status/1127970547298516992,,,0,https://pbs.twimg.com/profile_images/1100759153276944385/CA5T1Pt0.jpg
0,,1128053391161094144,1128053391161094144,1557783861000,2019-05-14,04:44:21,WIB,3242733727,aallaamm86,#Pulang,,Percayalah aku melihatnya.  Pandangan mataku tak lelah menatapnya. Aku tahu bahwa kau merasakannya.,,[],[],0,0,0,,[],https://twitter.com/aallaamm86/status/1128053391161094144,,,0,https://pbs.twimg.com/profile_images/1121972252658913280/_9wDE_Qk.jpg
1,,1128052245273006085,1128032001896828928,1557783588000,2019-05-14,04:39:48,WIB,560317370,pakponkk,Biasa Dipanggil,,"Setuju, kedua ade ini berpura pura bego. Ahh aku lelah","['sadittia', 'baaangde_', 'kodeelll', 'kekuatan_amin']",[],[],1,0,0,,[],https://twitter.com/pakponkk/status/1128052245273006085,,,0,https://pbs.twimg.com/profile_images/1103009232092188672/Z76IDF3y.jpg
2,,1128051532232925184,1128051532232925184,1557783418000,2019-05-14,04:36:58,WIB,1652186690,farhanskii,Afif Farhan,,"Aku pernah tidak mengenal lelah, menunggumu tanpa menyerah.",,[],[],0,0,0,,[],https://twitter.com/farhanskii/status/1128051532232925184,,,0,https://pbs.twimg.com/profile_images/1118836585108135937/zrLxmBns.jpg
3,,1128051524523806720,1128051524523806720,1557783416000,2019-05-14,04:36:56,WIB,926821477,kalimattgalau,Kalimat Galau,,kau hancur kan aku dengan sikapmu tak sadarkah kau telah menyakitiku . lelah hati ini menyakitimu cinta ini membunuhku,,[],[],0,0,0,,[],https://twitter.com/kalimattgalau/status/1128051524523806720,,,0,https://pbs.twimg.com/profile_images/378800000441012783/d6004c65c00b37ac440498e87d97d4ed.jpeg
5,,1128050970800209920,1128045343017324544,1557783284000,2019-05-14,04:34:44,WIB,847770091806576640,atthaphunp,atap,,"Kalo ngurusin aku, lelah gak? :""",['txwan_v'],[],[],1,0,0,,[],https://twitter.com/AtthaphunP/status/1128050970800209920,,,0,https://pbs.twimg.com/profile_images/1128012893922807808/WiMfIIfC.jpg
6,,1128050868052357120,1128050868052357120,1557783259000,2019-05-14,04:34:19,WIB,1076691024821407744,zakiyaaula,zaki,,"Biarlah waktu yg menjawab. Terkadang diposisi seperti ini sangatlah sulit. Harus membagi. Harus bener"" adil. Tetapi disaat seperti ini?  Aku harus gimana? Lelah?  Pasti. Sabar wil masih pagi.  Kamu juga puasa. Jangan sampai pagi"" kamu udah sakit. Kayak kemarin",,[],[],0,0,0,,[],https://twitter.com/ZakiyaAula/status/1128050868052357120,,,0,https://pbs.twimg.com/profile_images/1127584004306132992/-Al9ujJE.jpg
7,,1128049992235532288,1128049992235532288,1557783050000,2019-05-14,04:30:50,WIB,2744682008,ovwaycl,A Amatika M,,"Ada saatnya aku merasa, inilah saatnya aku bercerita. Tetapi ketakutan itu masih ada dengan takaran yang masih sama. Lalu, dapat darimana keberanian aku nanti?  Jujur, aku lelah.  #OAHI",,[],[],0,0,0,,['#oahi'],https://twitter.com/ovwaycl/status/1128049992235532288,,,0,https://pbs.twimg.com/profile_images/1128049032318705664/vPuwXI8q.jpg
12,,1128047035603492865,1128047035603492865,1557782346000,2019-05-14,04:19:06,WIB,2562453536,riduankamil_,Papa Tiri,,"Selamat pagi terang, Dia sudah terbangun Dari tidur nyenyaknya Sebelum ia sadar bahwa Semalam aku menjaga mimpinya Bolehkah sekarang aku Yang tidur?  Rinduku juga butuh tidur, ia lelah semalaman menemaniku Bersama pelipur.",,[],[],0,0,1,,[],https://twitter.com/riduankamil_/status/1128047035603492865,,,0,https://pbs.twimg.com/profile_images/1112459780239417344/6-mPcEw1.jpg
15,,1128046083760840704,1128046083760840704,1557782119000,2019-05-14,04:15:19,WIB,2386817994,tetsuryuman,Gajeel,,Kata kata favorit seorang pecundang adalah aku tak bisa dan aku terlalu lelah -Rui Habashira-(EyeShield21),,[],[],0,0,0,,[],https://twitter.com/TetsuRyuMan/status/1128046083760840704,,,0,https://pbs.twimg.com/profile_images/509236465486688256/xuUG3MTl.jpeg
16,,1128045273941401600,1127336113943658497,1557781926000,2019-05-14,04:12:06,WIB,1562064967,sailasaa,Saila Rachmawati,,"Jgn lelah menyadarkan kakak2 semuaa, tetaplah berjuang, mungkin akan ada saatnya dimana aku bisa sadar, teruskanlah perjuangan baik ini jgn menyerahüôáüí™","['ferytaufiq', 'zakifahmi_', 'imadamuha', 'marchdiorefgi']",[],[],1,0,1,,[],https://twitter.com/sailaSaa/status/1128045273941401600,,,0,https://pbs.twimg.com/profile_images/1048527673016737794/b4bzOWSs.jpg
18,,1128044294571302912,1128044294571302912,1557781692000,2019-05-14,04:08:12,WIB,166467122,salsabellss,pandaaa,,lakukan terus hingga aku lelah lalu menyerah,,[],[],0,0,0,,[],https://twitter.com/salsabellss/status/1128044294571302912,,,0,https://pbs.twimg.com/profile_images/1127590910248677378/a8JOQ58d.jpg
25,,1128036523637497856,1128036523637497856,1557779839000,2019-05-14,03:37:19,WIB,1464363661,imanred48,Iman Nur Rahman,,"Teruslah berlari. Tapi jika kau lelah, tengoklah ke belakang. Ada aku yg selalu menantimu :')",,[],[],0,0,0,,[],https://twitter.com/imanred48/status/1128036523637497856,,,0,https://pbs.twimg.com/profile_images/587495996072054785/JfffaIF9.jpg
33,,1128019018755915777,1128019018755915777,1557775666000,2019-05-14,02:27:46,WIB,1079691465498849280,rin213926971,Rin2,,"#SIMPLIFYRIN  Tidak masalah jika aku harus bekerja dari pagi buta hingga malam hari. Jika aku lelah, aku tinggal tidur setelahnya. Bukankah begitu?",,[],[],0,0,0,,['#simplifyrin'],https://twitter.com/Rin213926971/status/1128019018755915777,,,0,https://pbs.twimg.com/profile_images/1127574842524332034/HQ0joSCu.jpg
36,,1128012064918786048,1128012064918786048,1557774008000,2019-05-14,02:00:08,WIB,2647474106,irhenei,irene de bae.,,"Aku tau kamu lelah. Istirahat. Nggak semua harus diselesaikan hari ini. Oke? Selamat malam, selamat bermimpi indah.",,[],[],0,0,0,,[],https://twitter.com/irhenei/status/1128012064918786048,,,0,https://pbs.twimg.com/profile_images/1122655519724818432/l62zrFWj.jpg
39,,1128002268710629376,1128002268710629376,1557771672000,2019-05-14,01:21:12,WIB,423425530,lukypratiwii,üçì,,"Dari yang sudah sudah, cinta hanyalah bualan. Dari yang sudah sudah, hanya rasa tanpa tujuan. Aku ingin berhenti. Lelah aku mengarungi. Aku ingin bersandar menikmati bintang berpijar.  https://open.spotify.com/track/6aHurGpkU3iWTL3srtb6h8?si=BWwphUDATjivjF7W0FwpEg¬†‚Ä¶",,['https://open.spotify.com/track/6aHurGpkU3iWTL3srtb6h8?si=BWwphUDATjivjF7W0FwpEg'],[],1,0,0,,[],https://twitter.com/LukyPratiwii/status/1128002268710629376,,,0,https://pbs.twimg.com/profile_images/1102627582191665157/pXr_u38d.jpg
40,,1128000901807894530,1128000901807894530,1557771346000,2019-05-14,01:15:46,WIB,368126323,anslhb,ÏïåÎßàÏä§üíé,,"sebel bgt kenapa sakit perutnya gatau waktu sih. hampir nonstop 24 jam, kan lelah aku",,[],[],0,0,0,,[],https://twitter.com/anslhb/status/1128000901807894530,,,0,https://pbs.twimg.com/profile_images/1105518599215538176/A5O8yHw_.jpg
41,,1128000029195530242,1128000029195530242,1557771138000,2019-05-14,01:12:18,WIB,162261609,aldinisious,Aldin Mada,,"Dear @CIMBNiaga , CC pengganti udh hampir 3 bulan gagal terkirim, capek nelponin CS habis pulsa ratusan ribu. Dan ini terjadi sama tmn juga. Niat service customers apa engga sih? Lelah aku min,",['cimbniaga'],[],[],1,0,0,,[],https://twitter.com/aldinisious/status/1128000029195530242,,,0,https://pbs.twimg.com/profile_images/1066814675487080448/xhMFB8O9.jpg
51,,1127992983154872320,1127992983154872320,1557769458000,2019-05-14,00:44:18,WIB,1055701354960703488,buntatberlesen,B „ÉÑ,,"Alhamdulillah, akhirnya nama aku terpilih dlm senarai kerja tetap penat lelah selama ni aku bersabar kerja sebagai kontrak, thanks ‚ù§  pic.twitter.com/VDfxI4EXR6",,[],['https://pbs.twimg.com/media/D6dvkXJUUAAnIWh.jpg'],1,0,10,,[],https://twitter.com/buntatberlesen/status/1127992983154872320,,,0,https://pbs.twimg.com/profile_images/1121100342823833600/1McAFqh9.jpg
2,,1128055619259265024,1128055619259265024,1557784392000,2019-05-14,04:53:12,WIB,2928970266,qbangminah,o t i v,,"Kadang kita ingin sendiri. Bukan karena marah, melainkan saat kita ingin menenangkan hati",,[],[],0,0,0,,[],https://twitter.com/qBangMinah/status/1128055619259265024,,,0,https://pbs.twimg.com/profile_images/612864788322873344/qQAIoLjl.jpg
4,,1128053627606716417,1128053627606716417,1557783917000,2019-05-14,04:45:17,WIB,2574095580,goesroen,goes roen,,Jika anda tidak belajar mencintai diri sendiri terlebih dahulu anda tidak bisa mencintai orang lain! Perlakukan orang lain sesuai dengan pearlakuan yang ingin anda dapatkan dari orang lain. - See more at:  http://cinta009.blogspot.com/2013/04/kata-bijak-kehidupan.html#sthash.I6mOKNAl.dpuf¬†‚Ä¶,,['http://cinta009.blogspot.com/2013/04/kata-bijak-kehidupan.html#sthash.I6mOKNAl.dpuf'],[],0,0,0,,[],https://twitter.com/GoesRoen/status/1128053627606716417,,,0,https://pbs.twimg.com/profile_images/484253860752805888/oYD-6bdv.jpeg
6,,1128051572942835712,1128051572942835712,1557783427000,2019-05-14,04:37:07,WIB,1644037537,andripiston,Andri Piston,,"Bila anda ingin jujur kpda orang lain, jujurlah terlebih dahulu terhadap diri sendiri",,[],[],0,0,0,,[],https://twitter.com/AndriPiston/status/1128051572942835712,,,0,https://pbs.twimg.com/profile_images/378800000237504154/0582f1af57c72325f989c61d43bc6fa8.jpeg
7,,1128051128233385986,1128051128233385986,1557783321000,2019-05-14,04:35:21,WIB,607248818,andreyawt,i'm batman ‚Ü≠,,"Jadi dirimu sendiri agar ketika seseorang mencintai, kamu tak perlu takut jika dia akan temukan dirimu bukan orang yang ingin dia cintai.",,[],[],0,0,0,,[],https://twitter.com/AndreyAWT/status/1128051128233385986,,,0,https://pbs.twimg.com/profile_images/378800000710314419/bd32318de81bb987ede17dd1b962897f.jpeg
8,,1128051120293572608,1128051120293572608,1557783319000,2019-05-14,04:35:19,WIB,1075872538784399361,diandaraaaaa,Dian Dara,,"Ingin challenge diri sendiri untuk naik gunung, karna blm pernah naik gunung. Bukan ingin sampai puncak tapi ingin mengukur diri sejauh mana saya bisa berinteraksi, survive dan beradaptasi. Tapi sayang ngga punya partner dan ngga ada yg mau ngajak üòÅ",,[],[],0,0,0,,[],https://twitter.com/DianDaraaaaa/status/1128051120293572608,,,0,https://pbs.twimg.com/profile_images/1076597858470510593/WifaONBL.jpg
10,,1128050038347665409,1128050038347665409,1557783061000,2019-05-14,04:31:01,WIB,1459295845,mailkusuma,RAJA tweet „ÉÖ,,"Ketika kamu merasa sendiri dan tak ada yg peduli, ingatlah bahwa ada seseorang di luar sana yg begitu ingin memiliki hidup yg kamu jalani.",,[],[],0,0,0,,[],https://twitter.com/MailKusuma/status/1128050038347665409,,,0,https://pbs.twimg.com/profile_images/344513261567973490/fe79b6a0809f7811eac4453146b321fc.jpeg
11,,1128049895053463552,1128049895053463552,1557783027000,2019-05-14,04:30:27,WIB,1124956754977087488,namasay79640186,Istrimu üçÅ,,"yg Awalnya gk ingin tau masa lalu nya, tp ttep aja nyari tau. Giliran udh tau dy nya kayak apa. Baru sadar ternyata dy lebih buruk dr ak sendiri, i2 pun dy msh nutup*in jelas* lah ak bisa baca dr isi chatnya gmn. Ak mah bkn anak paud yg cmn bisa lu bohongin.  #Sakitinimah üò¢",,[],[],0,0,0,,['#sakitinimah'],https://twitter.com/Namasay79640186/status/1128049895053463552,,,0,https://pbs.twimg.com/profile_images/1124957042454581249/jMqXuhfH.jpg
13,,1128047902926954496,1127940395835379718,1557782552000,2019-05-14,04:22:32,WIB,273465052,ib_sat,ibnu satria,,"KKSB mulu, udh jelas2 pake senjata, ingin mendirikan negara sendiri, membunuh TNI, ga disebut teroris dan makar... Logika rezim skrg üò™",['republikaonline'],[],[],0,0,1,,[],https://twitter.com/ib_sat/status/1128047902926954496,,,0,https://pbs.twimg.com/profile_images/378800000702144670/b44c2f2d6b06cb09d657e2b47f3188a3.png
14,,1128047845284536320,1128047845284536320,1557782539000,2019-05-14,04:22:19,WIB,632864553,ade_adeputri,Ufo's driver,,"Antara risih, bosan, Dan mulai tidak suka dengan sosmed sendiri. Huhhh.... Terlalu Banyak ingin tau, dasar",,[],[],0,0,0,,[],https://twitter.com/ade_adeputri/status/1128047845284536320,,,0,https://pbs.twimg.com/profile_images/1114482877746438144/u5is1mIX.jpg
15,,1128047109632978944,1128047109632978944,1557782363000,2019-05-14,04:19:23,WIB,346997147,lindandryni,Yulinda D. Andriyani,,ingin rasanya menjadi pribadi yang apa2 bisa sendiri jadi ga perlu ngerengek2 ke orang buat minta tolong dan akhirnya jadi tergantung,,[],[],0,0,0,,[],https://twitter.com/Lindandryni/status/1128047109632978944,,,0,https://pbs.twimg.com/profile_images/1101140893011140608/hJM8M0C4.jpg
17,,1128045263648485376,1127610888721027074,1557781923000,2019-05-14,04:12:03,WIB,1039953185069092864,desyana_cici,Cici :),,"Mereka yg mematahkan hatiku sama sekali tidak dapat mengubah hidupku jika bukan karena aku sendiri yg ingin mengubahnya So, thanks to myself üíã Sebesar apapun patah hatiku, kalau aku tidak berusaha bangkit, tidak akan aku bisa sejauh ini (MT, soon to be)",['jennyjusuf'],[],[],0,0,0,,[],https://twitter.com/Desyana_cici/status/1128045263648485376,,,0,https://pbs.twimg.com/profile_images/1127222685761597441/eAs8iPBV.jpg
19,,1128044622062784514,1128044622062784514,1557781770000,2019-05-14,04:09:30,WIB,883643511521779713,syahdiannor,Yayan,,"Disaat lo ingin jadi orang lain, ada banyak org yg ingin jadi lo. Lo luar biasa, dengan cara lo sendiri. :)",,[],[],0,0,0,,[],https://twitter.com/SyahDianNor/status/1128044622062784514,,,0,https://pbs.twimg.com/profile_images/886493970112446465/0CZYDg06.jpg
20,,1128044556312649729,1128044556312649729,1557781754000,2019-05-14,04:09:14,WIB,1174581524,fandyedy_1989,Fandy Edy,,"Jadi dirimu sendiri agar ketika seseorang mencintai, kamu tak perlu takut jika dia akan temukan dirimu bukan orang yang ingin dia cintai.#RajaBot",,[],[],0,0,0,,['#rajabot'],https://twitter.com/Fandyedy_1989/status/1128044556312649729,,,0,https://pbs.twimg.com/profile_images/837907940128391168/Chard82w.jpg
27,,1128039899049779202,1128039899049779202,1557780644000,2019-05-14,03:50:44,WIB,1112644245930688512,xenaareza,X E N A,,"Jatuh cinta sendirian tak seburuk berharap sendirian. Belajarlah mencintai tanpa mengharap.  Ckp lakukan apa yg ingin kamu lakukan, ketahui apa yg sewajarnya diketahui, dan jangn terlalu berharap bertemu. Dlm suka menyukai itu, punya keajaibannya sendiri. Perhatikanlah.",,[],[],0,0,0,,[],https://twitter.com/xenaareza/status/1128039899049779202,,,0,https://pbs.twimg.com/profile_images/1125671096630464512/rb5bnL1N.jpg
28,,1128034436035932160,1128034436035932160,1557779342000,2019-05-14,03:29:02,WIB,178546388,jarrs23,Jarr's Key,,"Jangan berubah hanya karena ingin dicinta. Jadi dirimu sendiri, dan biarkan seseorang yang tepat menemukan dan mencintaimu apa adanya.",,[],[],0,0,0,,[],https://twitter.com/Jarrs23/status/1128034436035932160,,,0,https://pbs.twimg.com/profile_images/1113123888320225281/3tGOLPdT.jpg
29,,1128034008447762434,1128034008447762434,1557779240000,2019-05-14,03:27:20,WIB,1270500073,ainhartini,Ain Hartini,,"Bila Allah ingin seseorang itu menjadi baik, nescaya Allah menampakkan baginya akan kekurangan dirinya sendiri. (Ustaz Azhar)",,[],[],0,0,2,,[],https://twitter.com/AinHartini/status/1128034008447762434,,,0,https://pbs.twimg.com/profile_images/3384104724/8558204ff3592dc1df4f35f6659aee05.jpeg
33,,1128028616485269504,1128028616485269504,1557777954000,2019-05-14,03:05:54,WIB,2957398471,elfitriyah27,aeni elfitriyah,,"Ketika baca story nya ci @JennyJusuf jd menyadari bahwa, ketika wanita telah dikecewakan cinta, dia akan kembali mencintai dirinya sendiri. Ingin yang terbaik untuk dirinya. Bukan tentang orang lain, tapi untuk sesuatu yang lain. :"""""""")",['jennyjusuf'],[],[],1,0,0,,[],https://twitter.com/elfitriyah27/status/1128028616485269504,,,0,https://pbs.twimg.com/profile_images/1127269521008365568/LjpwTwvL.jpg
35,,1128024058468024320,1128024058468024320,1557776867000,2019-05-14,02:47:47,WIB,621524018,dconanmeitantei,Det. Conan's Fanbase,,"""Jika kalian ingin mencapai suatu tujuan, kalian harus melakukannya sendiri"" - Heiji Hattori #DCQuote",,[],[],0,0,0,,['#dcquote'],https://twitter.com/DConanMeitantei/status/1128024058468024320,,,0,https://pbs.twimg.com/profile_images/3378381186/965bca5f315b69d96dd3d7d7f009a3d6.jpeg
37,,1128020517561044992,1128020517561044992,1557776023000,2019-05-14,02:33:43,WIB,1632740814,ichofernandes,Panggil aja abang,,"Jadi dirimu sendiri agar ketika seseorang mencintai, kamu tak perlu takut jika dia akan temukan dirimu bukan orang yang ingin dia cintai.",,[],[],0,0,0,,[],https://twitter.com/IchoFernandes/status/1128020517561044992,,,0,https://pbs.twimg.com/profile_images/562895982762156032/bvyz_8eX.jpeg
38,,1128018409768144897,1128018409768144897,1557775521000,2019-05-14,02:25:21,WIB,938759514895015937,r_setyaaa,K.O,,Ingin menjadi orang lain adalah cara menyiayiakan dirimu sendiri ~ kurt cobain.,,[],[],0,0,0,,[],https://twitter.com/R_Setyaaa/status/1128018409768144897,,,0,https://pbs.twimg.com/profile_images/1064761160887488512/qo6NK4_1.jpg
40,,1128014734257737728,1128014734257737728,1557774644000,2019-05-14,02:10:44,WIB,800149887463493633,lndosatcare,Bery,,Jika anda tidak belajar mencintai diri sendiri terlebih dahulu anda tidak bisa mencintai orang lain! Perlakukan orang lain sesuai dengan pearlakuan yang ingin anda dapatkan dari orang lain,,[],[],0,0,0,,[],https://twitter.com/lndosatCare/status/1128014734257737728,,,0,https://pbs.twimg.com/profile_images/801073486764441601/_9_J_wx7.jpg
41,,1128013748814303232,1128013748814303232,1557774409000,2019-05-14,02:06:49,WIB,1566986426,marmutbesar,Marmut Besar,,"Jadilah dirimu sendiri, seseorang yg sesuai dengan kata hati, bukan seseorang yg ingin dilihat oleh dia yg kamu cintai.",,[],[],0,0,0,,[],https://twitter.com/marmutbesar/status/1128013748814303232,,,0,https://pbs.twimg.com/profile_images/378800000774337610/c3728cf4e63a88b0083fae8b507d18e9.jpeg
44,,1128012615551053824,1128012615551053824,1557774139000,2019-05-14,02:02:19,WIB,603522586,zelonjoran,onjor,,Zelo ingin menjadi musisi yang bisa menulis dan memproduksi musik sendiri,,[],[],0,0,0,,[],https://twitter.com/ZELONJORAN/status/1128012615551053824,,,0,https://pbs.twimg.com/profile_images/378800000669162435/998ec8bc7c5773e2a6460480d967ceed.jpeg
45,,1128012356565364742,1128012356565364742,1557774077000,2019-05-14,02:01:17,WIB,1374593557,randi_viking,Randi Viking,,"""Selalu sadar bahwa setiap orang memiliki hati. Setiap orang ingin dihargai. Setiap orang ingin dicintai.. seperti dirimu sendiri.""",,[],[],0,0,0,,[],https://twitter.com/randi_viking/status/1128012356565364742,,,0,https://pbs.twimg.com/profile_images/378800000784896771/ea2d8c2d50c90e4ace730c9a3bc67b1d.jpeg
46,,1128011406391963648,1128011406391963648,1557773851000,2019-05-14,01:57:31,WIB,973446953169072128,ronieustress,Kawruhdiri,,Saya mohon kpd @KPK_RI untuk memperbaiki kuantitas & menjaga kualitas agar lebih baik lagi? Karna tikus sudah meraja lela hingga mengusai atap rumah saya Berikan arahan untuk mempermudah rakyat dalam melaporkan tikus tsb. karna saya tdk ingin main hakim sendiri Sekian trimkasih.,['kpk_ri'],[],[],0,0,2,,[],https://twitter.com/Ronieustress/status/1128011406391963648,,,0,https://pbs.twimg.com/profile_images/973452987266826240/g_BP1g9a.jpg
48,,1128006940666109952,1128006940666109952,1557772786000,2019-05-14,01:39:46,WIB,67032199,bacaduludeh,Sam L. Bachri,,"Ingin rasanya kubiarkan kamu bahagia dengan duniamu sendiri. Tapi ga tau kenapa aku selalu pengen ikutan. Dasar sayang, susah diajak tenang.",,[],[],0,0,0,,[],https://twitter.com/bacaduludeh/status/1128006940666109952,,,0,https://pbs.twimg.com/profile_images/543184574977568768/1JgwmA8I.jpeg
49,,1128006655998709760,1128006655998709760,1557772718000,2019-05-14,01:38:38,WIB,1014835533623595009,panggilansayang,Your sweet orca,,"Adakah yang ingin menonton film brightburn? Dan kebetulan sendiri, atau temennya ga ada yang tertarik buat nonton? Kuy..mending bareng aja gitu :)",,[],[],0,0,1,,[],https://twitter.com/panggilansayang/status/1128006655998709760,,,0,https://pbs.twimg.com/profile_images/1121397804998389761/i10_XRUM.jpg
57,,1127998714591604737,1127998714591604737,1557770825000,2019-05-14,01:07:05,WIB,1622311729,minjeeh_,Minzy,,Ada orang yang lebih ingin kamu bahagia daripada dirinya sendiri yang bahagia. Ada. Aku.,,[],[],0,0,0,,[],https://twitter.com/minjeeh_/status/1127998714591604737,,,0,https://pbs.twimg.com/profile_images/378800000838965406/bac72c0e29616fc75e769a1017140452.jpeg
58,,1127997658398748675,1127997658398748675,1557770573000,2019-05-14,01:02:53,WIB,1582515972,ardianachmad354,ardianachmad354,,"Ketika kamu menyakiti sahabat, mereka pasti maafkanmu, tapi mereka sulit tuk maafkan apa yg telah kamu lakukan pada dirimu sendiri.  Hampir semua orang bisa memaafkan & melupakan, namun terkadang kita tak ingin seseorang melupakan bahwa kita telah memaafkannya.",,[],[],0,0,0,,[],https://twitter.com/ardianachmad354/status/1127997658398748675,,,0,https://pbs.twimg.com/profile_images/378800000113551438/21184551ecae2db541d6a308e4d9f61e.jpeg
59,,1127996098226733056,1127996098226733056,1557770201000,2019-05-14,00:56:41,WIB,3239690258,kata_bijak97,Kata Bijak,,"Jika Anda ingin sukses, Anda harus menciptakan peluang untuk diri sendiri.",,[],[],0,0,0,,[],https://twitter.com/Kata_Bijak97/status/1127996098226733056,,,0,https://pbs.twimg.com/profile_images/607845167379267585/siKQLptp.jpg
0,,1128062088985710592,1128058631922933760,1557785935000,2019-05-14,05:18:55,WIB,970496063395123200,refraintimbre_,üåª,,"Aku bangga sama kamu, dari smp sampai kuliah udah mandiri, merantau pula. Jadi wajar kalau capek dan butuh sandaran. We‚Äôre all human after all kan? Semangat sender!!!!! Semoga bahagia terus ya nanti",['munfess'],[],[],0,0,0,,[],https://twitter.com/refraintimbre_/status/1128062088985710592,,,0,https://pbs.twimg.com/profile_images/1126815117629243392/N7oAN5he.jpg
1,,1128061821506613248,1128058631922933760,1557785871000,2019-05-14,05:17:51,WIB,970496063395123200,refraintimbre_,üåª,,"Tapi i know someday suara kamu bakal di denger kok. Aku sebetulnya gapaham apa maksud mama kamu ngomong kayak gitu tapi kamu harus terus semangat ya, mungkin sandaran kamu bukan di mama kamu, kamu pasti ketemu orangnya üíñ bukan salahmu kalau capek, wajar banget kok",['munfess'],[],[],1,0,0,,[],https://twitter.com/refraintimbre_/status/1128061821506613248,,,0,https://pbs.twimg.com/profile_images/1126815117629243392/N7oAN5he.jpg
2,,1128061472620212224,1128058631922933760,1557785788000,2019-05-14,05:16:28,WIB,970496063395123200,refraintimbre_,üåª,,"Hai sender, pasti capek ya? Aku ngerti kok walaupun gak sepenuhnya paham perasaanmu. Nder, mungkin menurutku kamu peru temen online yang bisa diajak bicara walaupun tanpa tatap mata. Kadang emang dunia tuh gaada yg mau dengerin kita, nyari orang yang selalu di samping kita susah.",['munfess'],[],[],1,0,0,,[],https://twitter.com/refraintimbre_/status/1128061472620212224,,,0,https://pbs.twimg.com/profile_images/1126815117629243392/N7oAN5he.jpg
3,,1128059898749640705,1128059898749640705,1557785412000,2019-05-14,05:10:12,WIB,1026137802365263873,educationfess,/edc/ FOLLOW @boutRL,,"/edc/ semangatin aku dong, aku masih ngedown gara gara nilai UN aku jeblok banget. Aku bener2 bikin keluargaku kecewa :"") aku capek nangisin nilai un 50",,[],[],8,0,0,,[],https://twitter.com/educationfess/status/1128059898749640705,,,0,https://pbs.twimg.com/profile_images/1116248598637735937/Vs52dVN0.jpg
8,,1128056217023074305,1128056217023074305,1557784535000,2019-05-14,04:55:35,WIB,78882183,mas_fahiim,Royal Canin,,"Jadi, kira2, kapan usaha saling benci, saling tuduh dan menjatuhkan ini itu selesai? Nunggu kalian damai kayaknya ngga kelar2 yak? Capek aku tu liat semua medsos isinya beginian semua. Untung masih terselip akun masak2 makanan sama akun kucing :3",,[],[],0,0,1,,[],https://twitter.com/mas_fahiim/status/1128056217023074305,,,0,https://pbs.twimg.com/profile_images/1121652423204859907/6pzryFI_.jpg
9,,1128055480398434304,1128053325599989761,1557784359000,2019-05-14,04:52:39,WIB,1104211055050280960,cutaeeby,Narendra,,"HAHAHA SAMA AKU JUGA CAPEK LIATNYA. tapi salut ih, kalau aku pusing tuh bikin thread dalam thread",['singularitiiy'],[],[],1,0,0,,[],https://twitter.com/cutaeeby/status/1128055480398434304,,,0,https://pbs.twimg.com/profile_images/1127564495658766336/8KMd0upS.jpg
13,,1128053354230190081,1128053354230190081,1557783852000,2019-05-14,04:44:12,WIB,807954992459956225,scarlatteve,deysi ·ó¢,,cara biar cengukan berhenti gmn help aku capek,,[],[],2,0,0,,[],https://twitter.com/scarlatteve/status/1128053354230190081,,,0,https://pbs.twimg.com/profile_images/1127437087530086400/w39Sjamb.jpg
15,,1128052501314449409,1128052501314449409,1557783649000,2019-05-14,04:40:49,WIB,946945181609103361,leeeuntsang,Eunsang.,,"capek gak balesin aku? ‚Äî Capek mah iya, tapi gapapa  https://curiouscat.me/euntsang/post/874323648?t=1557783649¬†‚Ä¶",,['https://curiouscat.me/euntsang/post/874323648?t=1557783649'],[],0,0,0,,[],https://twitter.com/leeeuntsang/status/1128052501314449409,,,0,https://pbs.twimg.com/profile_images/1127468816307351552/IezOw8ss.jpg
16,,1128052236687265793,1128052236687265793,1557783586000,2019-05-14,04:39:46,WIB,1030502143780765696,shouldbeurs,ùêøùìéùìáùí∂üçëüçö,,"Hai kamu, first pick ku di Produce, dan kamu yang masih bertahan jadi bias aku. Ahahaha  Jaga kesehatan baik-baik, karena pasti capek jadi aku mohon istirahat yang baik, makan yang banyak! Dan teruslah bahagia, jangan lupa kabari ya! Eheheheüçöüòùüòûüòî‚ù§üíìüíïüíñüíóüíùüíûüß°üíöüíôüíúüñ§üíü‚ù£Ô∏èüíå  pic.twitter.com/iQrugfh4Fi",,[],"['https://pbs.twimg.com/media/D6elf9zU0AIamOe.jpg', 'https://pbs.twimg.com/media/D6elgq9VUAUNO1-.jpg', 'https://pbs.twimg.com/media/D6elhDIUEAIQP-N.jpg', 'https://pbs.twimg.com/media/D6elhqgUIAECkax.jpg']",0,0,0,,[],https://twitter.com/shouldbeurs/status/1128052236687265793,,,0,https://pbs.twimg.com/profile_images/1126729181126057984/WpJ3kx3P.jpg
17,,1128051536590819328,1127943026662182912,1557783419000,2019-05-14,04:36:59,WIB,1101446097455611904,kokokranj,cacamint,,Yang aku rasain capek dan takut nanti mnghadapi PAT. Semoga mama dan adik baru kamu sehat dan  dilancarkan persalinannya yaa,['saddest111'],[],[],0,0,0,,[],https://twitter.com/kokokranj/status/1128051536590819328,,,0,https://pbs.twimg.com/profile_images/1123192359926128641/1ADOs3Je.jpg
21,,1128049722688585728,1127952946518417408,1557782986000,2019-05-14,04:29:46,WIB,1063789016288395265,frenchfrieus,ü•Ä,,"aku tau kamu capek. istirahat dulu, ya? just remember that you're here for a reason. there must be a reason for your existence. kamu mungkin belum ketemu sama alasan itu, but someday, you will. i know you have reasons to give up and end everything, but don't forget that you also-",['educationfess'],[],[],1,0,0,,[],https://twitter.com/frenchfrieus/status/1128049722688585728,,,0,https://pbs.twimg.com/profile_images/1124979082163134464/HgvTTytF.jpg
22,,1128049615553458176,1128049615553458176,1557782961000,2019-05-14,04:29:21,WIB,1254447002,mikami_enak,Mikami (curry ramen),,"Seorang anak MENGELUH pada ayahnya, ‚Äúaku CAPEK, sangat CAPEK. Aku belajar mati-matian sedang temanku dgn enaknya MENYONTEK. Aku mau MENYONTEK saja!   Aku CAPEK karena aku harus terus MEMBANTU ibu, sedang temanku...  https://www.facebook.com/1102848172/posts/10219176544900125/¬†‚Ä¶",,['https://www.facebook.com/1102848172/posts/10219176544900125/'],[],0,0,0,,[],https://twitter.com/mikami_enak/status/1128049615553458176,,,0,https://pbs.twimg.com/profile_images/657172440838074368/_1SxHj_6.jpg
24,,1128048722493837312,1128043468738023424,1557782748000,2019-05-14,04:25:48,WIB,364239417,dianaanisti,Dian,,Aku cuma makan yg goreng goreng nih :( makanya capek ngunyah ahahaha,['alestierre'],[],[],1,0,0,,[],https://twitter.com/Dianaanisti/status/1128048722493837312,,,0,https://pbs.twimg.com/profile_images/1019492773957812225/owBNoyO7.jpg
25,,1128048348152225792,1128048348152225792,1557782658000,2019-05-14,04:24:18,WIB,1082275038,dewisussilowati,dewi susilowati,,Aku tuh CAPEKüò≠  Ada ga kata yg lebih halus dari itu.,,[],[],1,0,0,,[],https://twitter.com/dewisussilowati/status/1128048348152225792,,,0,https://pbs.twimg.com/profile_images/1039023601318428672/ejDAFtiA.jpg
26,,1128048213586370561,1128048213586370561,1557782626000,2019-05-14,04:23:46,WIB,740034952138358784,rizkaardiani985,rizka ardiani,,"Kesimpulannya dari percakapan kita kemarin dariku :  1.Belajar Ikhlas menerima semuanya 2.Belajarlah mencintai org lain  (daripada mencintai seseorg tapi gk  pernah suka juga sama kita lama2 capek),& aku belajar menerima perasaan seseorg yg lain,yg selama ini dia sayang samakuüòÅ",,[],[],1,0,0,,[],https://twitter.com/rizkaardiani985/status/1128048213586370561,,,0,https://pbs.twimg.com/profile_images/1076453836137480192/Rg5BhPYx.jpg
27,,1128046190153453568,1127935039545561088,1557782144000,2019-05-14,04:15:44,WIB,994546990993162242,fandyditapangst,Pandos~,,Yaallah pak ginting terus. Capek aku tu :'(,['dennypriyono'],[],[],0,0,0,,[],https://twitter.com/fandyDitaPangst/status/1128046190153453568,,,0,https://pbs.twimg.com/profile_images/1127669762643726336/FQ43QPwB.jpg
29,,1128044529376845829,1128044441539731456,1557781748000,2019-05-14,04:09:08,WIB,1011036747420000256,gyeomdungs,ÈáëÊúâÂÖº.,,"dia nggak mau hyung capek capek, katanya.       dan, dia nggak mau hyung lupa sama dia. katanya nggak apa apa sekarang hyung sibuk, nggak ada waktu buat main sama dia, asal jangan lupain dia ya?  nanti yang ada dia nangis terus aku yang repot „Öú „Öú",,[],[],1,0,0,,[],https://twitter.com/gyeomdungs/status/1128044529376845829,,,0,https://pbs.twimg.com/profile_images/1126809179551703040/IwIHtVpq.jpg
30,,1128044114300231680,1128038522709921792,1557781649000,2019-05-14,04:07:29,WIB,110910614,wildfloweriny,Pwincess üëë,,"Olahraga kayak lari, biar kl malamnya jd capek.  Minum susu anget sblm tdur.  Baca buku  Aku biasanya kl pengen tdur cepet, sbelumnya makan biar kenyang trs auto ngantuk.",['askmenfess'],[],[],0,0,0,,[],https://twitter.com/wildfloweriny/status/1128044114300231680,,,0,https://pbs.twimg.com/profile_images/1126698635649884162/dDv2EC8d.jpg
31,,1128044047560351744,1128042505780338688,1557781633000,2019-05-14,04:07:13,WIB,752019226236317696,miiiyyna,ts.) Ryujin,,Aku mau bobo aja unnie. Capek subuh subuh pergi :(,['jchaeyeeonz'],[],[],1,0,0,,[],https://twitter.com/miiiyyna/status/1128044047560351744,,,0,https://pbs.twimg.com/profile_images/1127552503707459586/lHpKztUT.jpg
32,,1128043950030200833,1128043950030200833,1557781610000,2019-05-14,04:06:50,WIB,98070527,darraparesti,DARA,,"Ada manfaatnya juga sih kalo ditinggal balik ibuk ke rumah ungaran. Makin kesini tu aku ngerasa nyiapin sahur tu hal yg biasa, gak seribet dan gk senyeremin yg aku bayangin dari dulu pas masih bocah.  Nyiapin sahur tu capek, masak ini masak itu. Dulu gitu ngerasanya. Wkwkw",,[],[],0,0,0,,[],https://twitter.com/darraparesti/status/1128043950030200833,,,0,https://pbs.twimg.com/profile_images/1050349317901283330/L2DsYrE0.jpg
34,,1128043062586822656,1128043062586822656,1557781398000,2019-05-14,04:03:18,WIB,838231512,ayukristan_,Mbaknya TBZ || Freebies fancon üìå,,"Pertanyaan nya,ini aku capek banget apa gimana sih Seharian tiap mau ngelakuin apa pasti lupa  Udah manggil org trus...lupa mau ngomong apa Udah buka Twitter trus diem mau ngapain di Twitter,padahal tadi nya Kaya mau nge tweet sesuatu",,[],[],1,0,0,,[],https://twitter.com/ayukristan_/status/1128043062586822656,,,0,https://pbs.twimg.com/profile_images/1124860344701030402/fd9HA-Nz.jpg
36,,1128041570744262656,1128041570744262656,1557781043000,2019-05-14,03:57:23,WIB,204260251,eni_mei,meiÌÉú,,Drama tadi malem yg pada ngetok pintu gak ku gubris pas dibuka taunya bawa2 ginian yg aku diem aja lesehan karna capek eh taunya pas nyanyi hepiudetuyu liat kuenya bt21 dong lgsung teriak2 akunyaü§£ü§£  pic.twitter.com/yAFpZl4gWF,,[],"['https://pbs.twimg.com/media/D6ebpsuU8AAe-La.jpg', 'https://pbs.twimg.com/media/D6ebsZcUYAAK28y.jpg']",7,0,7,,[],https://twitter.com/eni_mei/status/1128041570744262656,,,0,https://pbs.twimg.com/profile_images/1123917033844957190/dNvaw0IF.jpg
37,,1128038947114741765,1127943026662182912,1557780417000,2019-05-14,03:46:57,WIB,1091442736983552000,scenerytaev,da,,"Dom Jakarta, aku lagi capek aja karena dikasih tugas bener bener langsung setumpukan gitu :)  Semoga mama kamu sm debaynya sehat, dan lahirannya normalüôè Selamat yaa punya dedek baru ehheh",['saddest111'],[],[],0,0,0,,[],https://twitter.com/Scenerytaev/status/1128038947114741765,,,0,https://pbs.twimg.com/profile_images/1122624420348981248/NoIF-rVn.jpg
40,,1128038570231353345,1127984761752834052,1557780327000,2019-05-14,03:45:27,WIB,818401341886189568,bung_aditaman,Tak seindah,,"Capeknya karena mikirin dia kali, haha Kalo capek badan mah aku langsung tidur pules",['khairinadiar'],[],[],0,0,0,,[],https://twitter.com/bung_aditaman/status/1128038570231353345,,,0,https://pbs.twimg.com/profile_images/1126414014840332288/CpnrClOj.jpg
41,,1128037242826440704,1128037242826440704,1557780011000,2019-05-14,03:40:11,WIB,1026137802365263873,educationfess,/edc/ FOLLOW @boutRL,,"/edc/ temen-temen ayo saling menyemangati atas nilai utbk dan unbk yang kecil agar kita semua bisa bangkit lagi utk  meraih mimpi!!‚ù§Ô∏è‚ù§Ô∏èüò≠ aku hopeless bgt sebenernya, capeküò≠üò≠üò≠üò≠üò≠üò≠",,[],[],7,1,12,,[],https://twitter.com/educationfess/status/1128037242826440704,,,0,https://pbs.twimg.com/profile_images/1116248598637735937/Vs52dVN0.jpg
42,,1128036297287725056,1128036297287725056,1557779785000,2019-05-14,03:36:25,WIB,3312288277,maafsayasiapa,kebingungan,,"Entah knp aku gk suka kalimat ""cuma gt ngeluh/cuma gt capek"". Kalimat itu bener¬≤ ngeremehin usaha seseorang. Kl gtau prosesnya dan gk pernah ngelakuin mending diem. Kl gbisa ngehargai orang, mnding gausa komentar.",,[],[],0,1,0,,[],https://twitter.com/maafsayasiapa/status/1128036297287725056,,,0,https://pbs.twimg.com/profile_images/1120692288185753601/oJUHKFbu.jpg
43,,1128036126340440065,1128036126340440065,1557779745000,2019-05-14,03:35:45,WIB,304383246,muzh_29,Saya,,"Tiap 10 menit alarmnya bunyi, tapi orangnya gak bangun-bangun. Heran deh. Aku yang denger sampe capek.",,[],[],0,0,7,,[],https://twitter.com/muzh_29/status/1128036126340440065,,,0,https://pbs.twimg.com/profile_images/1121264746425044992/npWZ32I5.jpg
52,,1128029503291150337,1128028840687595520,1557778166000,2019-05-14,03:09:26,WIB,76799026,wordgenic,Dana F. Zumario,,"""Kamu sahur sendirian gak capek? Eh lupa, kamu jauh dari aku berbulan-bulan aja kuat, masa sahur aja capek. Makannya jangan lupa baca bismillah ya""  Yak itu salah satu contoh ucapannya. Kalo kurang cheesy tinggal tambahin micin, biar gurih",,[],[],0,0,0,,[],https://twitter.com/wordgenic/status/1128029503291150337,,,0,https://pbs.twimg.com/profile_images/1120707203449511936/ZmWK3rBS.jpg
